trial_id,terrain_tag,frame,tag,pcd,rows,cols,resolution,frame_id,layers,valid_count,reliable_count,safe_count,landing_count,best_score,best_x,best_y,landing_centroid_x,landing_centroid_y,alt_landing_count,alt_best_score,target_jitter_m,target_jitter_mean_m,target_jitter_max_m,frame_dt,frame_dt_mean,frame_dt_max,slope_threshold,depression_score_threshold,landing_valid_ratio_threshold,landing_height_range_threshold,step_threshold,landing_size,landing_safety_margin,grid_resolution,voxel_leaf_size,min_cell_points,samples,alt_relax_factor,enable_alt_landing,polar_res,sensing_horizon,metrics_csv,slope_local,step_local,dep_local
1,flat,1,flat__res0.1__voxel0.05__polar0.2__horizon30__relax1.5__altTrue,/data/terrain_flat.pcd,100,100,0.1,world,elevation;slope;roughness;step;depression_raw;depression_norm;depression_score;landing_center;landing_score;alt_landing_center,8164,7959,3937,959,0.821886,1.68467,0.317566,1.68467,0.317566,0,,,,,9.82839,9.82839,,0.15,0.3,0.98,0.05,0.1,0.3,0,0.1,0.05,3,1,1.5,true,0.2,30,,0.0394236,0.0196542,0.0494434
1,flat,2,flat__res0.1__voxel0.05__polar0.2__horizon30__relax1.5__altTrue,/data/terrain_flat.pcd,100,100,0.1,world,elevation;slope;roughness;step;depression_raw;depression_norm;depression_score;landing_center;landing_score;alt_landing_center,7992,7792,3805,925,0.813381,-2.10814,1.04919,-2.10814,1.04919,0,,1.77295,1.77295,1.77295,7.66209,8.74524,9.82839,0.15,0.3,0.98,0.05,0.1,0.3,0,0.1,0.05,3,2,1.5,true,0.2,30,,0.0391433,0.0197263,0.0530263
1,flat,3,flat__res0.1__voxel0.05__polar0.2__horizon30__relax1.5__altTrue,/data/terrain_flat.pcd,100,100,0.1,world,elevation;slope;roughness;step;depression_raw;depression_norm;depression_score;landing_center;landing_score;alt_landing_center,8252,8045,3766,914,0.792534,-1.11825,-2.41164,-1.11825,-2.41164,0,,1.94899,1.86097,1.94899,8.0296,8.50669,9.82839,0.15,0.3,0.98,0.05,0.1,0.3,0,0.1,0.05,3,3,1.5,true,0.2,30,,0.0409854,0.0226222,0.0502083
1,flat,4,flat__res0.1__voxel0.05__polar0.2__horizon30__relax1.5__altTrue,/data/terrain_flat.pcd,100,100,0.1,world,elevation;slope;roughness;step;depression_raw;depression_norm;depression_score;landing_center;landing_score;alt_landing_center,7994,7794,3684,888,0.820379,1.60812,0.253597,1.60812,0.253597,0,,2.07648,1.9328,2.07648,11.1277,9.16195,11.1277,0.15,0.3,0.98,0.05,0.1,0.3,0,0.1,0.05,3,4,1.5,true,0.2,30,,0.0390865,0.020755,0.0579608
1,flat,5,flat__res0.1__voxel0.05__polar0.2__horizon30__relax1.5__altTrue,/data/terrain_flat.pcd,100,100,0.1,world,elevation;slope;roughness;step;depression_raw;depression_norm;depression_score;landing_center;landing_score;alt_landing_center,8323,8114,3955,963,0.781142,-2.15398,-3.01311,-2.15398,-3.01311,0,,2.4028,2.0503,2.4028,10.0642,9.34241,11.1277,0.15,0.3,0.98,0.05,0.1,0.3,0,0.1,0.05,3,5,1.5,true,0.2,30,,0.0363368,0.021752,0.0533213
1,flat,6,flat__res0.1__voxel0.05__polar0.2__horizon30__relax1.5__altTrue,/data/terrain_flat.pcd,100,100,0.1,world,elevation;slope;roughness;step;depression_raw;depression_norm;depression_score;landing_center;landing_score;alt_landing_center,7709,7516,3782,919,0.781522,0.949791,-0.946175,0.949791,-0.946175,0,,1.58124,1.95649,2.4028,9.08989,9.30032,11.1277,0.15,0.3,0.98,0.05,0.1,0.3,0,0.1,0.05,3,6,1.5,true,0.2,30,,0.0416774,0.0142543,0.0561656
1,flat,7,flat__res0.1__voxel0.05__polar0.2__horizon30__relax1.5__altTrue,/data/terrain_flat.pcd,100,100,0.1,world,elevation;slope;roughness;step;depression_raw;depression_norm;depression_score;landing_center;landing_score;alt_landing_center,8001,7800,3614,873,0.781819,0.238979,-1.78632,0.238979,-1.78632,0,,0.486919,1.71156,2.4028,9.61923,9.34588,11.1277,0.15,0.3,0.98,0.05,0.1,0.3,0,0.1,0.05,3,7,1.5,true,0.2,30,,0.0407935,0.0215255,0.0566609
1,flat,8,flat__res0.1__voxel0.05__polar0.2__horizon30__relax1.5__altTrue,/data/terrain_flat.pcd,100,100,0.1,world,elevation;slope;roughness;step;depression_raw;depression_norm;depression_score;landing_center;landing_score;alt_landing_center,7638,7447,3489,841,0.782172,-1.89666,-3.2753,-1.89666,-3.2753,0,,1.07547,1.62069,2.4028,9.47909,9.36253,11.1277,0.15,0.3,0.98,0.05,0.1,0.3,0,0.1,0.05,3,8,1.5,true,0.2,30,,0.0388607,0.024521,0.0486661
1,flat,9,flat__res0.1__voxel0.05__polar0.2__horizon30__relax1.5__altTrue,/data/terrain_flat.pcd,100,100,0.1,world,elevation;slope;roughness;step;depression_raw;depression_norm;depression_score;landing_center;landing_score;alt_landing_center,7626,7435,3445,840,0.779276,-0.00538118,2.69278,-0.00538118,2.69278,0,,2.99613,1.79262,2.99613,6.42941,9.03663,11.1277,0.15,0.3,0.98,0.05,0.1,0.3,0,0.1,0.05,3,9,1.5,true,0.2,30,,0.0396937,0.0213683,0.0595729
1,flat,10,flat__res0.1__voxel0.05__polar0.2__horizon30__relax1.5__altTrue,/data/terrain_flat.pcd,100,100,0.1,world,elevation;slope;roughness;step;depression_raw;depression_norm;depression_score;landing_center;landing_score;alt_landing_center,8177,7972,3810,924,0.774523,2.78476,-0.704196,2.78476,-0.704196,0,,1.73141,1.78582,2.99613,10.3186,9.16483,11.1277,0.15,0.3,0.98,0.05,0.1,0.3,0,0.1,0.05,3,10,1.5,true,0.2,30,,0.0413676,0.0208576,0.0498041
1,flat,11,flat__res0.1__voxel0.05__polar0.2__horizon30__relax1.5__altTrue,/data/terrain_flat.pcd,100,100,0.1,world,elevation;slope;roughness;step;depression_raw;depression_norm;depression_score;landing_center;landing_score;alt_landing_center,7364,7179,3341,815,0.796242,-2.38013,1.26337,-2.38013,1.26337,0,,2.5937,1.86661,2.99613,7.92952,9.05253,11.1277,0.15,0.3,0.98,0.05,0.1,0.3,0,0.1,0.05,3,11,1.5,true,0.2,30,,0.044774,0.0199631,0.0513068
1,flat,12,flat__res0.1__voxel0.05__polar0.2__horizon30__relax1.5__altTrue,/data/terrain_flat.pcd,100,100,0.1,world,elevation;slope;roughness;step;depression_raw;depression_norm;depression_score;landing_center;landing_score;alt_landing_center,7930,7731,3887,937,0.815204,1.26198,-2.69814,1.26198,-2.69814,0,,2.83572,1.95471,2.99613,7.38143,8.91327,11.1277,0.15,0.3,0.98,0.05,0.1,0.3,0,0.1,0.05,3,12,1.5,true,0.2,30,,0.0359662,0.0217834,0.0462714
1,flat,13,flat__res0.1__voxel0.05__polar0.2__horizon30__relax1.5__altTrue,/data/terrain_flat.pcd,100,100,0.1,world,elevation;slope;roughness;step;depression_raw;depression_norm;depression_score;landing_center;landing_score;alt_landing_center,7426,7240,3722,897,0.831108,3.17671,2.63097,3.17671,2.63097,0,,2.28022,1.98184,2.99613,5.84885,8.67754,11.1277,0.15,0.3,0.98,0.05,0.1,0.3,0,0.1,0.05,3,13,1.5,true,0.2,30,,0.0400377,0.0165782,0.0477628
1,flat,14,flat__res0.1__voxel0.05__polar0.2__horizon30__relax1.5__altTrue,/data/terrain_flat.pcd,100,100,0.1,world,elevation;slope;roughness;step;depression_raw;depression_norm;depression_score;landing_center;landing_score;alt_landing_center,7605,7414,3579,872,0.78258,0.0536402,-2.10762,0.0536402,-2.10762,0,,2.41073,2.01483,2.99613,8.13155,8.63854,11.1277,0.15,0.3,0.98,0.05,0.1,0.3,0,0.1,0.05,3,14,1.5,true,0.2,30,,0.0374905,0.0199954,0.0586244
1,flat,15,flat__res0.1__voxel0.05__polar0.2__horizon30__relax1.5__altTrue,/data/terrain_flat.pcd,100,100,0.1,world,elevation;slope;roughness;step;depression_raw;depression_norm;depression_score;landing_center;landing_score;alt_landing_center,7988,7788,3299,802,0.750959,-3.36366,3.00369,-3.36366,3.00369,0,,3.23251,2.1018,3.23251,9.79297,8.7155,11.1277,0.15,0.3,0.98,0.05,0.1,0.3,0,0.1,0.05,3,15,1.5,true,0.2,30,,0.0452278,0.0242088,0.0598926
1,flat,16,flat__res0.1__voxel0.05__polar0.2__horizon30__relax1.5__altTrue,/data/terrain_flat.pcd,100,100,0.1,world,elevation;slope;roughness;step;depression_raw;depression_norm;depression_score;landing_center;landing_score;alt_landing_center,8432,8221,3876,935,0.81217,1.62335,2.21216,1.62335,2.21216,0,,2.75496,2.14535,3.23251,8.38537,8.69487,11.1277,0.15,0.3,0.98,0.05,0.1,0.3,0,0.1,0.05,3,16,1.5,true,0.2,30,,0.0416834,0.0185062,0.0595844
1,flat,17,flat__res0.1__voxel0.05__polar0.2__horizon30__relax1.5__altTrue,/data/terrain_flat.pcd,100,100,0.1,world,elevation;slope;roughness;step;depression_raw;depression_norm;depression_score;landing_center;landing_score;alt_landing_center,7435,7249,3713,903,0.774925,2.60703,-0.538034,2.60703,-0.538034,0,,1.14601,2.08289,3.23251,9.91992,8.76693,11.1277,0.15,0.3,0.98,0.05,0.1,0.3,0,0.1,0.05,3,17,1.5,true,0.2,30,,0.0379698,0.0197884,0.0434934
1,flat,18,flat__res0.1__voxel0.05__polar0.2__horizon30__relax1.5__altTrue,/data/terrain_flat.pcd,100,100,0.1,world,elevation;slope;roughness;step;depression_raw;depression_norm;depression_score;landing_center;landing_score;alt_landing_center,8493,8280,4298,1047,0.837408,-0.886056,2.7973,-0.886056,2.7973,0,,2.12651,2.08546,3.23251,8.68617,8.76245,11.1277,0.15,0.3,0.98,0.05,0.1,0.3,0,0.1,0.05,3,18,1.5,true,0.2,30,,0.033724,0.0192091,0.0513057
1,flat,19,flat__res0.1__voxel0.05__polar0.2__horizon30__relax1.5__altTrue,/data/terrain_flat.pcd,100,100,0.1,world,elevation;slope;roughness;step;depression_raw;depression_norm;depression_score;landing_center;landing_score;alt_landing_center,7975,7775,3671,885,0.800874,-3.00305,0.917721,-3.00305,0.917721,0,,1.12047,2.03185,3.23251,9.98919,8.82701,11.1277,0.15,0.3,0.98,0.05,0.1,0.3,0,0.1,0.05,3,19,1.5,true,0.2,30,,0.0400191,0.0207275,0.0562978
1,flat,20,flat__res0.1__voxel0.05__polar0.2__horizon30__relax1.5__altTrue,/data/terrain_flat.pcd,100,100,0.1,world,elevation;slope;roughness;step;depression_raw;depression_norm;depression_score;landing_center;landing_score;alt_landing_center,8077,7875,3671,888,0.79991,0.274638,1.56347,0.274638,1.56347,0,,1.7588,2.01747,3.23251,8.09969,8.79065,11.1277,0.15,0.3,0.98,0.05,0.1,0.3,0,0.1,0.05,3,20,1.5,true,0.2,30,,0.0465677,0.0177809,0.0533272
2,flat_hires,1,flat_hires__res0.08__voxel0.03__polar0.2__horizon30__relax1.5__altTrue,/data/terrain_flat_hires.pcd,125,125,0.08,world,elevation;slope;roughness;step;depression_raw;depression_norm;depression_score;landing_center;landing_score;alt_landing_center,11476,11189,5763,1402,0.820898,-0.482642,-0.53495,-0.482642,-0.53495,0,,,,,12.1924,12.1924,,0.15,0.3,0.98,0.05,0.1,0.3,0,0.08,0.03,3,1,1.5,true,0.2,30,,0.037351,0.0193124,0.0449615
2,flat_hires,2,flat_hires__res0.08__voxel0.03__polar0.2__horizon30__relax1.5__altTrue,/data/terrain_flat_hires.pcd,125,125,0.08,world,elevation;slope;roughness;step;depression_raw;depression_norm;depression_score;landing_center;landing_score;alt_landing_center,11485,11197,5893,1430,0.772282,1.5975,2.10415,1.5975,2.10415,0,,1.24955,1.24955,1.24955,15.6415,13.917,15.6415,0.15,0.3,0.98,0.05,0.1,0.3,0,0.08,0.03,3,2,1.5,true,0.2,30,,0.0336738,0.0206649,0.0433324
2,flat_hires,3,flat_hires__res0.08__voxel0.03__polar0.2__horizon30__relax1.5__altTrue,/data/terrain_flat_hires.pcd,125,125,0.08,world,elevation;slope;roughness;step;depression_raw;depression_norm;depression_score;landing_center;landing_score;alt_landing_center,12210,11904,5514,1333,0.802038,-0.398085,2.52944,-0.398085,2.52944,0,,0.938715,1.09413,1.24955,12.5136,13.4492,15.6415,0.15,0.3,0.98,0.05,0.1,0.3,0,0.08,0.03,3,3,1.5,true,0.2,30,,0.0417794,0.0223144,0.0520265
2,flat_hires,4,flat_hires__res0.08__voxel0.03__polar0.2__horizon30__relax1.5__altTrue,/data/terrain_flat_hires.pcd,125,125,0.08,world,elevation;slope;roughness;step;depression_raw;depression_norm;depression_score;landing_center;landing_score;alt_landing_center,13134,12805,5132,1242,0.713277,-2.33582,-0.100512,-2.33582,-0.100512,0,,1.283,1.15709,1.283,12.5048,13.2131,15.6415,0.15,0.3,0.98,0.05,0.1,0.3,0,0.08,0.03,3,4,1.5,true,0.2,30,,0.0544583,0.0223785,0.0567817
2,flat_hires,5,flat_hires__res0.08__voxel0.03__polar0.2__horizon30__relax1.5__altTrue,/data/terrain_flat_hires.pcd,125,125,0.08,world,elevation;slope;roughness;step;depression_raw;depression_norm;depression_score;landing_center;landing_score;alt_landing_center,11817,11521,5899,1432,0.855243,-1.50326,1.37614,-1.50326,1.37614,0,,0.840986,1.07806,1.283,15.1517,13.6008,15.6415,0.15,0.3,0.98,0.05,0.1,0.3,0,0.08,0.03,3,5,1.5,true,0.2,30,,0.0388697,0.020405,0.0394749
2,flat_hires,6,flat_hires__res0.08__voxel0.03__polar0.2__horizon30__relax1.5__altTrue,/data/terrain_flat_hires.pcd,125,125,0.08,world,elevation;slope;roughness;step;depression_raw;depression_norm;depression_score;landing_center;landing_score;alt_landing_center,11722,11428,5797,1400,0.814563,0.554262,0.295366,0.554262,0.295366,0,,1.16111,1.09467,1.283,12.6701,13.4457,15.6415,0.15,0.3,0.98,0.05,0.1,0.3,0,0.08,0.03,3,6,1.5,true,0.2,30,,0.0412257,0.0171192,0.0467664
2,flat_hires,7,flat_hires__res0.08__voxel0.03__polar0.2__horizon30__relax1.5__altTrue,/data/terrain_flat_hires.pcd,125,125,0.08,world,elevation;slope;roughness;step;depression_raw;depression_norm;depression_score;landing_center;landing_score;alt_landing_center,11602,11311,5423,1318,0.798083,-2.93922,-2.19923,-2.93922,-2.19923,0,,2.01331,1.24778,2.01331,10.9583,13.0903,15.6415,0.15,0.3,0.98,0.05,0.1,0.3,0,0.08,0.03,3,7,1.5,true,0.2,30,,0.0449609,0.0209313,0.0402153
2,flat_hires,8,flat_hires__res0.08__voxel0.03__polar0.2__horizon30__relax1.5__altTrue,/data/terrain_flat_hires.pcd,125,125,0.08,world,elevation;slope;roughness;step;depression_raw;depression_norm;depression_score;landing_center;landing_score;alt_landing_center,11779,11484,5597,1361,0.834384,-3.22181,-2.92612,-3.22181,-2.92612,0,,0.375497,1.12317,2.01331,16.3688,13.5001,16.3688,0.15,0.3,0.98,0.05,0.1,0.3,0,0.08,0.03,3,8,1.5,true,0.2,30,,0.0386736,0.0186941,0.0576678
2,flat_hires,9,flat_hires__res0.08__voxel0.03__polar0.2__horizon30__relax1.5__altTrue,/data/terrain_flat_hires.pcd,125,125,0.08,world,elevation;slope;roughness;step;depression_raw;depression_norm;depression_score;landing_center;landing_score;alt_landing_center,11914,11616,5906,1431,0.844673,-0.729499,1.20183,-0.729499,1.20183,0,,1.97701,1.2299,2.01331,15.6386,13.7377,16.3688,0.15,0.3,0.98,0.05,0.1,0.3,0,0.08,0.03,3,9,1.5,true,0.2,30,,0.0368002,0.019305,0.0494969
2,flat_hires,10,flat_hires__res0.08__voxel0.03__polar0.2__horizon30__relax1.5__altTrue,/data/terrain_flat_hires.pcd,125,125,0.08,world,elevation;slope;roughness;step;depression_raw;depression_norm;depression_score;landing_center;landing_score;alt_landing_center,13278,12946,6112,1478,0.807736,-2.98717,-2.00792,-2.98717,-2.00792,0,,1.58162,1.26898,2.01331,13.9678,13.7608,16.3688,0.15,0.3,0.98,0.05,0.1,0.3,0,0.08,0.03,3,10,1.5,true,0.2,30,,0.0373024,0.0230547,0.0549711
2,flat_hires,11,flat_hires__res0.08__voxel0.03__polar0.2__horizon30__relax1.5__altTrue,/data/terrain_flat_hires.pcd,125,125,0.08,world,elevation;slope;roughness;step;depression_raw;depression_norm;depression_score;landing_center;landing_score;alt_landing_center,11603,11312,5186,1260,0.776336,1.42478,0.781744,1.42478,0.781744,0,,2.85763,1.42784,2.85763,12.7271,13.6668,16.3688,0.15,0.3,0.98,0.05,0.1,0.3,0,0.08,0.03,3,11,1.5,true,0.2,30,,0.0475361,0.0183202,0.0534858
2,flat_hires,12,flat_hires__res0.08__voxel0.03__polar0.2__horizon30__relax1.5__altTrue,/data/terrain_flat_hires.pcd,125,125,0.08,world,elevation;slope;roughness;step;depression_raw;depression_norm;depression_score;landing_center;landing_score;alt_landing_center,12610,12294,5999,1451,0.789451,-1.64874,2.72799,-1.64874,2.72799,0,,1.81344,1.4629,2.85763,12.1016,13.5364,16.3688,0.15,0.3,0.98,0.05,0.1,0.3,0,0.08,0.03,3,12,1.5,true,0.2,30,,0.0397156,0.0197936,0.0517261
2,flat_hires,13,flat_hires__res0.08__voxel0.03__polar0.2__horizon30__relax1.5__altTrue,/data/terrain_flat_hires.pcd,125,125,0.08,world,elevation;slope;roughness;step;depression_raw;depression_norm;depression_score;landing_center;landing_score;alt_landing_center,12658,12341,5807,1407,0.81354,0.0378634,-1.74215,0.0378634,-1.74215,0,,2.54,1.55266,2.85763,14.0655,13.5771,16.3688,0.15,0.3,0.98,0.05,0.1,0.3,0,0.08,0.03,3,13,1.5,true,0.2,30,,0.0418216,0.0213483,0.0511219
2,flat_hires,14,flat_hires__res0.08__voxel0.03__polar0.2__horizon30__relax1.5__altTrue,/data/terrain_flat_hires.pcd,125,125,0.08,world,elevation;slope;roughness;step;depression_raw;depression_norm;depression_score;landing_center;landing_score;alt_landing_center,11953,11654,5342,1292,0.783887,0.959794,-1.66631,0.959794,-1.66631,0,,0.4609,1.46867,2.85763,12.1998,13.4787,16.3688,0.15,0.3,0.98,0.05,0.1,0.3,0,0.08,0.03,3,14,1.5,true,0.2,30,,0.045387,0.0208901,0.0507179
2,flat_hires,15,flat_hires__res0.08__voxel0.03__polar0.2__horizon30__relax1.5__altTrue,/data/terrain_flat_hires.pcd,125,125,0.08,world,elevation;slope;roughness;step;depression_raw;depression_norm;depression_score;landing_center;landing_score;alt_landing_center,13048,12721,6448,1560,0.815203,0.319132,2.34217,0.319132,2.34217,0,,1.8937,1.49903,2.85763,12.633,13.4223,16.3688,0.15,0.3,0.98,0.05,0.1,0.3,0,0.08,0.03,3,15,1.5,true,0.2,30,,0.0359949,0.0193259,0.051974
2,flat_hires,16,flat_hires__res0.08__voxel0.03__polar0.2__horizon30__relax1.5__altTrue,/data/terrain_flat_hires.pcd,125,125,0.08,world,elevation;slope;roughness;step;depression_raw;depression_norm;depression_score;landing_center;landing_score;alt_landing_center,12875,12553,6095,1473,0.842757,2.79247,-2.02946,2.79247,-2.02946,0,,2.00865,1.53301,2.85763,12.5347,13.3668,16.3688,0.15,0.3,0.98,0.05,0.1,0.3,0,0.08,0.03,3,16,1.5,true,0.2,30,,0.0412478,0.0208375,0.046168
2,flat_hires,17,flat_hires__res0.08__voxel0.03__polar0.2__horizon30__relax1.5__altTrue,/data/terrain_flat_hires.pcd,125,125,0.08,world,elevation;slope;roughness;step;depression_raw;depression_norm;depression_score;landing_center;landing_score;alt_landing_center,12525,12211,5435,1314,0.768974,2.98035,-1.84284,2.98035,-1.84284,0,,0.101291,1.44353,2.85763,14.7993,13.4511,16.3688,0.15,0.3,0.98,0.05,0.1,0.3,0,0.08,0.03,3,17,1.5,true,0.2,30,,0.0455597,0.0220952,0.053812
2,flat_hires,18,flat_hires__res0.08__voxel0.03__polar0.2__horizon30__relax1.5__altTrue,/data/terrain_flat_hires.pcd,125,125,0.08,world,elevation;slope;roughness;step;depression_raw;depression_norm;depression_score;landing_center;landing_score;alt_landing_center,13130,12801,6374,1546,0.815583,2.11565,2.54845,2.11565,2.54845,0,,2.29218,1.49345,2.85763,15.8941,13.5868,16.3688,0.15,0.3,0.98,0.05,0.1,0.3,0,0.08,0.03,3,18,1.5,true,0.2,30,,0.04077,0.0188123,0.0473216
2,flat_hires,19,flat_hires__res0.08__voxel0.03__polar0.2__horizon30__relax1.5__altTrue,/data/terrain_flat_hires.pcd,125,125,0.08,world,elevation;slope;roughness;step;depression_raw;depression_norm;depression_score;landing_center;landing_score;alt_landing_center,12999,12674,5776,1398,0.815138,-2.10299,2.92916,-2.10299,2.92916,0,,1.77874,1.5093,2.85763,12.364,13.5225,16.3688,0.15,0.3,0.98,0.05,0.1,0.3,0,0.08,0.03,3,19,1.5,true,0.2,30,,0.0392581,0.0234997,0.057891
2,flat_hires,20,flat_hires__res0.08__voxel0.03__polar0.2__horizon30__relax1.5__altTrue,/data/terrain_flat_hires.pcd,125,125,0.08,world,elevation;slope;roughness;step;depression_raw;depression_norm;depression_score;landing_center;landing_score;alt_landing_center,12082,11779,5802,1405,0.83579,2.55047,3.26822,2.55047,3.26822,0,,1.8935,1.52952,2.85763,14.6081,13.5767,16.3688,0.15,0.3,0.98,0.05,0.1,0.3,0,0.08,0.03,3,20,1.5,true,0.2,30,,0.0434736,0.0163412,0.0512435
3,flat_lores,1,flat_lores__res0.12__voxel0.08__polar0.2__horizon30__relax1.5__altTrue,/data/terrain_flat_lores.pcd,83,83,0.12,world,elevation;slope;roughness;step;depression_raw;depression_norm;depression_score;landing_center;landing_score;alt_landing_center,5802,5221,2597,586,0.80759,2.63927,-1.67149,2.63927,-1.67149,0,,,,,6.40084,6.40084,,0.15,0.3,0.98,0.05,0.1,0.3,0,0.12,0.08,3,1,1.5,true,0.2,30,,0.0374533,0.0184313,0.0561547
3,flat_lores,2,flat_lores__res0.12__voxel0.08__polar0.2__horizon30__relax1.5__altTrue,/data/terrain_flat_lores.pcd,83,83,0.12,world,elevation;slope;roughness;step;depression_raw;depression_norm;depression_score;landing_center;landing_score;alt_landing_center,5280,4752,2554,581,0.837697,-0.445243,3.38965,-0.445243,3.38965,0,,2.21154,2.21154,2.21154,5,5.70042,6.40084,0.15,0.3,0.98,0.05,0.1,0.3,0,0.12,0.08,3,2,1.5,true,0.2,30,,0.029974,0.0172198,0.0565433
3,flat_lores,3,flat_lores__res0.12__voxel0.08__polar0.2__horizon30__relax1.5__altTrue,/data/terrain_flat_lores.pcd,83,83,0.12,world,elevation;slope;roughness;step;depression_raw;depression_norm;depression_score;landing_center;landing_score;alt_landing_center,5433,4889,2318,530,0.804013,1.308,3.08184,1.308,3.08184,0,,0.885414,1.54848,2.21154,6.54851,5.98312,6.54851,0.15,0.3,0.98,0.05,0.1,0.3,0,0.12,0.08,3,3,1.5,true,0.2,30,,0.0420965,0.0192334,0.0551449
3,flat_lores,4,flat_lores__res0.12__voxel0.08__polar0.2__horizon30__relax1.5__altTrue,/data/terrain_flat_lores.pcd,83,83,0.12,world,elevation;slope;roughness;step;depression_raw;depression_norm;depression_score;landing_center;landing_score;alt_landing_center,5524,4971,2239,514,0.772613,2.43611,1.53828,2.43611,1.53828,0,,0.783986,1.29365,2.21154,5.47094,5.85507,6.54851,0.15,0.3,0.98,0.05,0.1,0.3,0,0.12,0.08,3,4,1.5,true,0.2,30,,0.0413883,0.0220083,0.0606833
3,flat_lores,5,flat_lores__res0.12__voxel0.08__polar0.2__horizon30__relax1.5__altTrue,/data/terrain_flat_lores.pcd,83,83,0.12,world,elevation;slope;roughness;step;depression_raw;depression_norm;depression_score;landing_center;landing_score;alt_landing_center,5089,4580,2245,511,0.815244,1.15451,-0.845983,1.15451,-0.845983,0,,1.35243,1.30834,2.21154,5,5.68406,6.54851,0.15,0.3,0.98,0.05,0.1,0.3,0,0.12,0.08,3,5,1.5,true,0.2,30,,0.0385084,0.0219087,0.0465766
3,flat_lores,6,flat_lores__res0.12__voxel0.08__polar0.2__horizon30__relax1.5__altTrue,/data/terrain_flat_lores.pcd,83,83,0.12,world,elevation;slope;roughness;step;depression_raw;depression_norm;depression_score;landing_center;landing_score;alt_landing_center,5244,4719,2261,512,0.820161,-0.490783,0.559893,-0.490783,0.559893,0,,1.04082,1.25484,2.21154,5,5.57005,6.54851,0.15,0.3,0.98,0.05,0.1,0.3,0,0.12,0.08,3,6,1.5,true,0.2,30,,0.0423846,0.0223051,0.0421307
3,flat_lores,7,flat_lores__res0.12__voxel0.08__polar0.2__horizon30__relax1.5__altTrue,/data/terrain_flat_lores.pcd,83,83,0.12,world,elevation;slope;roughness;step;depression_raw;depression_norm;depression_score;landing_center;landing_score;alt_landing_center,5768,5191,2606,589,0.834417,1.11196,-1.5135,1.11196,-1.5135,0,,1.26516,1.25656,2.21154,6.85137,5.75309,6.85137,0.15,0.3,0.98,0.05,0.1,0.3,0,0.12,0.08,3,7,1.5,true,0.2,30,,0.0357824,0.0204715,0.0512799
3,flat_lores,8,flat_lores__res0.12__voxel0.08__polar0.2__horizon30__relax1.5__altTrue,/data/terrain_flat_lores.pcd,83,83,0.12,world,elevation;slope;roughness;step;depression_raw;depression_norm;depression_score;landing_center;landing_score;alt_landing_center,5249,4724,2321,526,0.802577,-2.46852,-3.1765,-2.46852,-3.1765,0,,2.15863,1.38543,2.21154,5,5.65896,6.85137,0.15,0.3,0.98,0.05,0.1,0.3,0,0.12,0.08,3,8,1.5,true,0.2,30,,0.0387032,0.0193968,0.0534935
3,flat_lores,9,flat_lores__res0.12__voxel0.08__polar0.2__horizon30__relax1.5__altTrue,/data/terrain_flat_lores.pcd,83,83,0.12,world,elevation;slope;roughness;step;depression_raw;depression_norm;depression_score;landing_center;landing_score;alt_landing_center,5482,4933,2700,615,0.8437,-0.0393598,-1.79211,-0.0393598,-1.79211,0,,1.34545,1.38043,2.21154,5,5.58574,6.85137,0.15,0.3,0.98,0.05,0.1,0.3,0,0.12,0.08,3,9,1.5,true,0.2,30,,0.0347628,0.0177982,0.0399833
3,flat_lores,10,flat_lores__res0.12__voxel0.08__polar0.2__horizon30__relax1.5__altTrue,/data/terrain_flat_lores.pcd,83,83,0.12,world,elevation;slope;roughness;step;depression_raw;depression_norm;depression_score;landing_center;landing_score;alt_landing_center,5350,4815,2205,498,0.779429,2.12877,1.37138,2.12877,1.37138,0,,1.69863,1.41578,2.21154,5,5.52717,6.85137,0.15,0.3,0.98,0.05,0.1,0.3,0,0.12,0.08,3,10,1.5,true,0.2,30,,0.0466657,0.0201162,0.0502982
3,flat_lores,11,flat_lores__res0.12__voxel0.08__polar0.2__horizon30__relax1.5__altTrue,/data/terrain_flat_lores.pcd,83,83,0.12,world,elevation;slope;roughness;step;depression_raw;depression_norm;depression_score;landing_center;landing_score;alt_landing_center,5385,4846,2579,589,0.835015,3.41525,0.668166,3.41525,0.668166,0,,0.791722,1.35338,2.21154,5,5.47924,6.85137,0.15,0.3,0.98,0.05,0.1,0.3,0,0.12,0.08,3,11,1.5,true,0.2,30,,0.0316403,0.0184234,0.0519343
3,flat_lores,12,flat_lores__res0.12__voxel0.08__polar0.2__horizon30__relax1.5__altTrue,/data/terrain_flat_lores.pcd,83,83,0.12,world,elevation;slope;roughness;step;depression_raw;depression_norm;depression_score;landing_center;landing_score;alt_landing_center,5706,5135,2476,566,0.77791,-0.378605,-2.38589,-0.378605,-2.38589,0,,2.54379,1.4616,2.54379,5,5.43931,6.85137,0.15,0.3,0.98,0.05,0.1,0.3,0,0.12,0.08,3,12,1.5,true,0.2,30,,0.0442761,0.0182633,0.0488627
3,flat_lores,13,flat_lores__res0.12__voxel0.08__polar0.2__horizon30__relax1.5__altTrue,/data/terrain_flat_lores.pcd,83,83,0.12,world,elevation;slope;roughness;step;depression_raw;depression_norm;depression_score;landing_center;landing_score;alt_landing_center,5660,5094,2577,588,0.801315,0.887239,-1.57782,0.887239,-1.57782,0,,0.548896,1.38554,2.54379,5,5.40551,6.85137,0.15,0.3,0.98,0.05,0.1,0.3,0,0.12,0.08,3,13,1.5,true,0.2,30,,0.0336484,0.0210303,0.0521563
3,flat_lores,14,flat_lores__res0.12__voxel0.08__polar0.2__horizon30__relax1.5__altTrue,/data/terrain_flat_lores.pcd,83,83,0.12,world,elevation;slope;roughness;step;depression_raw;depression_norm;depression_score;landing_center;landing_score;alt_landing_center,5098,4588,2237,506,0.826776,-0.818753,-2.43036,-0.818753,-2.43036,0,,0.749113,1.33658,2.54379,5,5.37655,6.85137,0.15,0.3,0.98,0.05,0.1,0.3,0,0.12,0.08,3,14,1.5,true,0.2,30,,0.0392909,0.0215527,0.0473567
3,flat_lores,15,flat_lores__res0.12__voxel0.08__polar0.2__horizon30__relax1.5__altTrue,/data/terrain_flat_lores.pcd,83,83,0.12,world,elevation;slope;roughness;step;depression_raw;depression_norm;depression_score;landing_center;landing_score;alt_landing_center,5708,5137,2570,585,0.81244,2.83387,0.588556,2.83387,0.588556,0,,2.31773,1.40667,2.54379,5,5.35144,6.85137,0.15,0.3,0.98,0.05,0.1,0.3,0,0.12,0.08,3,15,1.5,true,0.2,30,,0.0369151,0.0209139,0.0482481
3,flat_lores,16,flat_lores__res0.12__voxel0.08__polar0.2__horizon30__relax1.5__altTrue,/data/terrain_flat_lores.pcd,83,83,0.12,world,elevation;slope;roughness;step;depression_raw;depression_norm;depression_score;landing_center;landing_score;alt_landing_center,5286,4757,2314,527,0.804943,2.47414,3.17401,2.47414,3.17401,0,,1.13239,1.38838,2.54379,5,5.32948,6.85137,0.15,0.3,0.98,0.05,0.1,0.3,0,0.12,0.08,3,16,1.5,true,0.2,30,,0.0442343,0.0173311,0.0496027
3,flat_lores,17,flat_lores__res0.12__voxel0.08__polar0.2__horizon30__relax1.5__altTrue,/data/terrain_flat_lores.pcd,83,83,0.12,world,elevation;slope;roughness;step;depression_raw;depression_norm;depression_score;landing_center;landing_score;alt_landing_center,5170,4653,2374,541,0.806537,-0.100506,-0.778,-0.100506,-0.778,0,,2.28182,1.44422,2.54379,5.82353,5.35854,6.85137,0.15,0.3,0.98,0.05,0.1,0.3,0,0.12,0.08,3,17,1.5,true,0.2,30,,0.0399215,0.0174864,0.0471875
3,flat_lores,18,flat_lores__res0.12__voxel0.08__polar0.2__horizon30__relax1.5__altTrue,/data/terrain_flat_lores.pcd,83,83,0.12,world,elevation;slope;roughness;step;depression_raw;depression_norm;depression_score;landing_center;landing_score;alt_landing_center,5838,5254,2557,584,0.766859,-3.31123,-0.741858,-3.31123,-0.741858,0,,1.48627,1.44669,2.54379,5.58614,5.37119,6.85137,0.15,0.3,0.98,0.05,0.1,0.3,0,0.12,0.08,3,18,1.5,true,0.2,30,,0.0419125,0.0169357,0.0560447
3,flat_lores,19,flat_lores__res0.12__voxel0.08__polar0.2__horizon30__relax1.5__altTrue,/data/terrain_flat_lores.pcd,83,83,0.12,world,elevation;slope;roughness;step;depression_raw;depression_norm;depression_score;landing_center;landing_score;alt_landing_center,5021,4518,2051,467,0.804053,-1.20853,-0.317105,-1.20853,-0.317105,0,,0.895611,1.41608,2.54379,5,5.35165,6.85137,0.15,0.3,0.98,0.05,0.1,0.3,0,0.12,0.08,3,19,1.5,true,0.2,30,,0.0456562,0.0204863,0.0536617
3,flat_lores,20,flat_lores__res0.12__voxel0.08__polar0.2__horizon30__relax1.5__altTrue,/data/terrain_flat_lores.pcd,83,83,0.12,world,elevation;slope;roughness;step;depression_raw;depression_norm;depression_score;landing_center;landing_score;alt_landing_center,5710,5139,2443,557,0.79237,-3.36432,0.275933,-3.36432,0.275933,0,,1.22969,1.40627,2.54379,6.15544,5.39184,6.85137,0.15,0.3,0.98,0.05,0.1,0.3,0,0.12,0.08,3,20,1.5,true,0.2,30,,0.0423498,0.0188917,0.0549878
4,gentle_slope,1,gentle_slope__res0.1__voxel0.05__polar0.2__horizon30__relax1.5__altTrue,/data/terrain_gentle_slope.pcd,100,100,0.1,world,elevation;slope;roughness;step;depression_raw;depression_norm;depression_score;landing_center;landing_score;alt_landing_center,8186,7981,1131,272,0.538279,-2.10448,-3.35734,-2.10448,-3.35734,0,,,,,8.78456,8.78456,,0.15,0.3,0.98,0.05,0.1,0.3,0,0.1,0.05,3,1,1.5,true,0.2,30,,0.0914842,0.0446909,0.102832
4,gentle_slope,2,gentle_slope__res0.1__voxel0.05__polar0.2__horizon30__relax1.5__altTrue,/data/terrain_gentle_slope.pcd,100,100,0.1,world,elevation;slope;roughness;step;depression_raw;depression_norm;depression_score;landing_center;landing_score;alt_landing_center,7502,7314,918,221,0.533924,1.86829,-2.32548,1.86829,-2.32548,0,,1.9351,1.9351,1.9351,9.16418,8.97437,9.16418,0.15,0.3,0.98,0.05,0.1,0.3,0,0.1,0.05,3,2,1.5,true,0.2,30,,0.10299,0.0416992,0.0937545
4,gentle_slope,3,gentle_slope__res0.1__voxel0.05__polar0.2__horizon30__relax1.5__altTrue,/data/terrain_gentle_slope.pcd,100,100,0.1,world,elevation;slope;roughness;step;depression_raw;depression_norm;depression_score;landing_center;landing_score;alt_landing_center,7362,7177,935,221,0.513412,3.00221,0.530577,3.00221,0.530577,0,,1.63358,1.78434,1.9351,7.35846,8.43573,9.16418,0.15,0.3,0.98,0.05,0.1,0.3,0,0.1,0.05,3,3,1.5,true,0.2,30,,0.0999357,0.0380272,0.110909
4,gentle_slope,4,gentle_slope__res0.1__voxel0.05__polar0.2__horizon30__relax1.5__altTrue,/data/terrain_gentle_slope.pcd,100,100,0.1,world,elevation;slope;roughness;step;depression_raw;depression_norm;depression_score;landing_center;landing_score;alt_landing_center,8283,8075,1251,301,0.604366,-2.78669,1.90737,-2.78669,1.90737,0,,3.09454,2.22107,3.09454,7.98386,8.32276,9.16418,0.15,0.3,0.98,0.05,0.1,0.3,0,0.1,0.05,3,4,1.5,true,0.2,30,,0.0831205,0.0467258,0.104272
4,gentle_slope,5,gentle_slope__res0.1__voxel0.05__polar0.2__horizon30__relax1.5__altTrue,/data/terrain_gentle_slope.pcd,100,100,0.1,world,elevation;slope;roughness;step;depression_raw;depression_norm;depression_score;landing_center;landing_score;alt_landing_center,7667,7475,1004,244,0.558476,1.13065,-3.0173,1.13065,-3.0173,0,,3.0174,2.42016,3.09454,7.67072,8.19236,9.16418,0.15,0.3,0.98,0.05,0.1,0.3,0,0.1,0.05,3,5,1.5,true,0.2,30,,0.0958979,0.0388014,0.117381
4,gentle_slope,6,gentle_slope__res0.1__voxel0.05__polar0.2__horizon30__relax1.5__altTrue,/data/terrain_gentle_slope.pcd,100,100,0.1,world,elevation;slope;roughness;step;depression_raw;depression_norm;depression_score;landing_center;landing_score;alt_landing_center,7686,7493,828,202,0.548238,1.45116,-0.45159,1.45116,-0.45159,0,,1.28445,2.19301,3.09454,8.97424,8.32267,9.16418,0.15,0.3,0.98,0.05,0.1,0.3,0,0.1,0.05,3,6,1.5,true,0.2,30,,0.110406,0.0403316,0.0893589
4,gentle_slope,7,gentle_slope__res0.1__voxel0.05__polar0.2__horizon30__relax1.5__altTrue,/data/terrain_gentle_slope.pcd,100,100,0.1,world,elevation;slope;roughness;step;depression_raw;depression_norm;depression_score;landing_center;landing_score;alt_landing_center,7841,7644,851,207,0.520381,2.28014,0.647322,2.28014,0.647322,0,,0.570515,1.9226,3.09454,8.09682,8.29041,9.16418,0.15,0.3,0.98,0.05,0.1,0.3,0,0.1,0.05,3,7,1.5,true,0.2,30,,0.107749,0.0393168,0.104445
4,gentle_slope,8,gentle_slope__res0.1__voxel0.05__polar0.2__horizon30__relax1.5__altTrue,/data/terrain_gentle_slope.pcd,100,100,0.1,world,elevation;slope;roughness;step;depression_raw;depression_norm;depression_score;landing_center;landing_score;alt_landing_center,8181,7976,894,220,0.556959,0.772322,-0.847075,0.772322,-0.847075,0,,0.755204,1.75583,3.09454,8.59418,8.32838,9.16418,0.15,0.3,0.98,0.05,0.1,0.3,0,0.1,0.05,3,8,1.5,true,0.2,30,,0.100661,0.0493388,0.098021
4,gentle_slope,9,gentle_slope__res0.1__voxel0.05__polar0.2__horizon30__relax1.5__altTrue,/data/terrain_gentle_slope.pcd,100,100,0.1,world,elevation;slope;roughness;step;depression_raw;depression_norm;depression_score;landing_center;landing_score;alt_landing_center,7658,7466,931,229,0.591937,1.40829,-1.56612,1.40829,-1.56612,0,,0.337926,1.57859,3.09454,6.61112,8.13757,9.16418,0.15,0.3,0.98,0.05,0.1,0.3,0,0.1,0.05,3,9,1.5,true,0.2,30,,0.103755,0.0379587,0.104216
4,gentle_slope,10,gentle_slope__res0.1__voxel0.05__polar0.2__horizon30__relax1.5__altTrue,/data/terrain_gentle_slope.pcd,100,100,0.1,world,elevation;slope;roughness;step;depression_raw;depression_norm;depression_score;landing_center;landing_score;alt_landing_center,8191,7986,999,244,0.534661,1.02132,-0.0642507,1.02132,-0.0642507,0,,0.788777,1.49083,3.09454,7.4289,8.0667,9.16418,0.15,0.3,0.98,0.05,0.1,0.3,0,0.1,0.05,3,10,1.5,true,0.2,30,,0.104008,0.0394575,0.0978353
4,gentle_slope,11,gentle_slope__res0.1__voxel0.05__polar0.2__horizon30__relax1.5__altTrue,/data/terrain_gentle_slope.pcd,100,100,0.1,world,elevation;slope;roughness;step;depression_raw;depression_norm;depression_score;landing_center;landing_score;alt_landing_center,7966,7766,903,220,0.531451,0.374311,-1.0937,0.374311,-1.0937,0,,0.667919,1.40854,3.09454,8.95168,8.14716,9.16418,0.15,0.3,0.98,0.05,0.1,0.3,0,0.1,0.05,3,11,1.5,true,0.2,30,,0.105903,0.0415627,0.0969417
4,gentle_slope,12,gentle_slope__res0.1__voxel0.05__polar0.2__horizon30__relax1.5__altTrue,/data/terrain_gentle_slope.pcd,100,100,0.1,world,elevation;slope;roughness;step;depression_raw;depression_norm;depression_score;landing_center;landing_score;alt_landing_center,7518,7330,1220,293,0.599198,-1.29116,1.70017,-1.29116,1.70017,0,,1.75698,1.44022,3.09454,6.80246,8.0351,9.16418,0.15,0.3,0.98,0.05,0.1,0.3,0,0.1,0.05,3,12,1.5,true,0.2,30,,0.0911508,0.0388403,0.0918011
4,gentle_slope,13,gentle_slope__res0.1__voxel0.05__polar0.2__horizon30__relax1.5__altTrue,/data/terrain_gentle_slope.pcd,100,100,0.1,world,elevation;slope;roughness;step;depression_raw;depression_norm;depression_score;landing_center;landing_score;alt_landing_center,7976,7776,1133,277,0.560629,0.677535,3.36357,0.677535,3.36357,0,,1.33126,1.43114,3.09454,8.76454,8.09121,9.16418,0.15,0.3,0.98,0.05,0.1,0.3,0,0.1,0.05,3,13,1.5,true,0.2,30,,0.0976056,0.0375737,0.0994244
4,gentle_slope,14,gentle_slope__res0.1__voxel0.05__polar0.2__horizon30__relax1.5__altTrue,/data/terrain_gentle_slope.pcd,100,100,0.1,world,elevation;slope;roughness;step;depression_raw;depression_norm;depression_score;landing_center;landing_score;alt_landing_center,7386,7201,975,231,0.592703,3.32006,0.373513,3.32006,0.373513,0,,1.95324,1.4713,3.09454,7.68144,8.06194,9.16418,0.15,0.3,0.98,0.05,0.1,0.3,0,0.1,0.05,3,14,1.5,true,0.2,30,,0.0972891,0.0436262,0.094939
4,gentle_slope,15,gentle_slope__res0.1__voxel0.05__polar0.2__horizon30__relax1.5__altTrue,/data/terrain_gentle_slope.pcd,100,100,0.1,world,elevation;slope;roughness;step;depression_raw;depression_norm;depression_score;landing_center;landing_score;alt_landing_center,7956,7757,739,181,0.53236,-0.149001,-1.11506,-0.149001,-1.11506,0,,2.05017,1.51265,3.09454,8.03879,8.0604,9.16418,0.15,0.3,0.98,0.05,0.1,0.3,0,0.1,0.05,3,15,1.5,true,0.2,30,,0.114127,0.0457426,0.0797288
4,gentle_slope,16,gentle_slope__res0.1__voxel0.05__polar0.2__horizon30__relax1.5__altTrue,/data/terrain_gentle_slope.pcd,100,100,0.1,world,elevation;slope;roughness;step;depression_raw;depression_norm;depression_score;landing_center;landing_score;alt_landing_center,7851,7654,878,216,0.542709,0.90612,-3.12474,0.90612,-3.12474,0,,0.862168,1.46928,3.09454,9.81174,8.16986,9.81174,0.15,0.3,0.98,0.05,0.1,0.3,0,0.1,0.05,3,16,1.5,true,0.2,30,,0.0996902,0.0479559,0.102772
4,gentle_slope,17,gentle_slope__res0.1__voxel0.05__polar0.2__horizon30__relax1.5__altTrue,/data/terrain_gentle_slope.pcd,100,100,0.1,world,elevation;slope;roughness;step;depression_raw;depression_norm;depression_score;landing_center;landing_score;alt_landing_center,8199,7994,1228,301,0.581027,0.672888,0.828928,0.672888,0.828928,0,,2.00062,1.50249,3.09454,7.18061,8.11166,9.81174,0.15,0.3,0.98,0.05,0.1,0.3,0,0.1,0.05,3,17,1.5,true,0.2,30,,0.092144,0.0386905,0.105018
4,gentle_slope,18,gentle_slope__res0.1__voxel0.05__polar0.2__horizon30__relax1.5__altTrue,/data/terrain_gentle_slope.pcd,100,100,0.1,world,elevation;slope;roughness;step;depression_raw;depression_norm;depression_score;landing_center;landing_score;alt_landing_center,7771,7576,1223,300,0.611434,0.847191,0.767416,0.847191,0.767416,0,,0.092053,1.41952,3.09454,7.93629,8.10192,9.81174,0.15,0.3,0.98,0.05,0.1,0.3,0,0.1,0.05,3,18,1.5,true,0.2,30,,0.084022,0.0459732,0.0960932
4,gentle_slope,19,gentle_slope__res0.1__voxel0.05__polar0.2__horizon30__relax1.5__altTrue,/data/terrain_gentle_slope.pcd,100,100,0.1,world,elevation;slope;roughness;step;depression_raw;depression_norm;depression_score;landing_center;landing_score;alt_landing_center,7425,7239,837,199,0.57646,0.363946,-2.40427,0.363946,-2.40427,0,,1.38503,1.41761,3.09454,7.29907,8.05967,9.81174,0.15,0.3,0.98,0.05,0.1,0.3,0,0.1,0.05,3,19,1.5,true,0.2,30,,0.106459,0.0391171,0.103563
4,gentle_slope,20,gentle_slope__res0.1__voxel0.05__polar0.2__horizon30__relax1.5__altTrue,/data/terrain_gentle_slope.pcd,100,100,0.1,world,elevation;slope;roughness;step;depression_raw;depression_norm;depression_score;landing_center;landing_score;alt_landing_center,7585,7395,1096,267,0.58229,-3.00174,-1.86603,-3.00174,-1.86603,0,,1.3733,1.41528,3.09454,7.18049,8.01571,9.81174,0.15,0.3,0.98,0.05,0.1,0.3,0,0.1,0.05,3,20,1.5,true,0.2,30,,0.095811,0.0358163,0.108071
5,rough_terrain,1,rough_terrain__res0.1__voxel0.05__polar0.2__horizon30__relax1.5__altTrue,/data/terrain_rough_terrain.pcd,100,100,0.1,world,elevation;slope;roughness;step;depression_raw;depression_norm;depression_score;landing_center;landing_score;alt_landing_center,7371,7186,0,0,,,,,,72,0.376354,,,,9.26661,9.26661,,0.15,0.3,0.98,0.05,0.1,0.3,0,0.1,0.05,5,1,1.5,true,0.2,30,,0.186158,0.0696768,0.204412
5,rough_terrain,2,rough_terrain__res0.1__voxel0.05__polar0.2__horizon30__relax1.5__altTrue,/data/terrain_rough_terrain.pcd,100,100,0.1,world,elevation;slope;roughness;step;depression_raw;depression_norm;depression_score;landing_center;landing_score;alt_landing_center,8235,8029,0,4,0.140383,1.7427,0.484449,1.7427,0.484449,0,,,,,9.80909,9.53785,9.80909,0.15,0.3,0.98,0.05,0.1,0.3,0,0.1,0.05,5,2,1.5,true,0.2,30,,0.188386,0.0850623,0.204394
5,rough_terrain,3,rough_terrain__res0.1__voxel0.05__polar0.2__horizon30__relax1.5__altTrue,/data/terrain_rough_terrain.pcd,100,100,0.1,world,elevation;slope;roughness;step;depression_raw;depression_norm;depression_score;landing_center;landing_score;alt_landing_center,8426,8215,0,3,0.147494,0.279871,-0.435688,0.279871,-0.435688,0,,0.811556,0.811556,0.811556,8.87985,9.31852,9.80909,0.15,0.3,0.98,0.05,0.1,0.3,0,0.1,0.05,5,3,1.5,true,0.2,30,,0.177772,0.0840021,0.18834
5,rough_terrain,4,rough_terrain__res0.1__voxel0.05__polar0.2__horizon30__relax1.5__altTrue,/data/terrain_rough_terrain.pcd,100,100,0.1,world,elevation;slope;roughness;step;depression_raw;depression_norm;depression_score;landing_center;landing_score;alt_landing_center,7516,7328,0,5,0.146067,2.35171,0.526394,2.35171,0.526394,0,,1.23389,1.02272,1.23389,9.42549,9.34526,9.80909,0.15,0.3,0.98,0.05,0.1,0.3,0,0.1,0.05,5,4,1.5,true,0.2,30,,0.20252,0.0716585,0.19636
5,rough_terrain,5,rough_terrain__res0.1__voxel0.05__polar0.2__horizon30__relax1.5__altTrue,/data/terrain_rough_terrain.pcd,100,100,0.1,world,elevation;slope;roughness;step;depression_raw;depression_norm;depression_score;landing_center;landing_score;alt_landing_center,8189,7984,0,2,0.116966,0.132747,-0.404394,0.132747,-0.404394,0,,0.976061,1.00717,1.23389,6.89006,8.85422,9.80909,0.15,0.3,0.98,0.05,0.1,0.3,0,0.1,0.05,5,5,1.5,true,0.2,30,,0.206887,0.0799679,0.199299
5,rough_terrain,6,rough_terrain__res0.1__voxel0.05__polar0.2__horizon30__relax1.5__altTrue,/data/terrain_rough_terrain.pcd,100,100,0.1,world,elevation;slope;roughness;step;depression_raw;depression_norm;depression_score;landing_center;landing_score;alt_landing_center,7824,7628,0,1,0.0631409,-1.16684,1.19093,-1.16684,1.19093,0,,1.07317,1.02367,1.23389,8.59248,8.8106,9.80909,0.15,0.3,0.98,0.05,0.1,0.3,0,0.1,0.05,5,6,1.5,true,0.2,30,,0.199257,0.0798357,0.220712
5,rough_terrain,7,rough_terrain__res0.1__voxel0.05__polar0.2__horizon30__relax1.5__altTrue,/data/terrain_rough_terrain.pcd,100,100,0.1,world,elevation;slope;roughness;step;depression_raw;depression_norm;depression_score;landing_center;landing_score;alt_landing_center,8262,8055,0,3,0.228383,-3.24312,-2.88358,-3.24312,-2.88358,0,,1.83141,1.18522,1.83141,7.0249,8.5555,9.80909,0.15,0.3,0.98,0.05,0.1,0.3,0,0.1,0.05,5,7,1.5,true,0.2,30,,0.166691,0.0907911,0.188537
5,rough_terrain,8,rough_terrain__res0.1__voxel0.05__polar0.2__horizon30__relax1.5__altTrue,/data/terrain_rough_terrain.pcd,100,100,0.1,world,elevation;slope;roughness;step;depression_raw;depression_norm;depression_score;landing_center;landing_score;alt_landing_center,7226,7045,0,3,0.043317,-0.266166,-3.12057,-0.266166,-3.12057,0,,1.35488,1.21349,1.83141,8.13086,8.50242,9.80909,0.15,0.3,0.98,0.05,0.1,0.3,0,0.1,0.05,5,8,1.5,true,0.2,30,,0.203117,0.0891643,0.224676
5,rough_terrain,9,rough_terrain__res0.1__voxel0.05__polar0.2__horizon30__relax1.5__altTrue,/data/terrain_rough_terrain.pcd,100,100,0.1,world,elevation;slope;roughness;step;depression_raw;depression_norm;depression_score;landing_center;landing_score;alt_landing_center,7565,7375,0,0,,,,,,109,0.41794,,1.21349,1.83141,6.03722,8.22851,9.80909,0.15,0.3,0.98,0.05,0.1,0.3,0,0.1,0.05,5,9,1.5,true,0.2,30,,0.164826,0.0734536,0.193916
5,rough_terrain,10,rough_terrain__res0.1__voxel0.05__polar0.2__horizon30__relax1.5__altTrue,/data/terrain_rough_terrain.pcd,100,100,0.1,world,elevation;slope;roughness;step;depression_raw;depression_norm;depression_score;landing_center;landing_score;alt_landing_center,8001,7800,0,0,,,,,,99,0.42648,,1.21349,1.83141,9.69982,8.37564,9.80909,0.15,0.3,0.98,0.05,0.1,0.3,0,0.1,0.05,5,10,1.5,true,0.2,30,,0.154216,0.0846948,0.238883
5,rough_terrain,11,rough_terrain__res0.1__voxel0.05__polar0.2__horizon30__relax1.5__altTrue,/data/terrain_rough_terrain.pcd,100,100,0.1,world,elevation;slope;roughness;step;depression_raw;depression_norm;depression_score;landing_center;landing_score;alt_landing_center,8490,8277,0,0,,,,,,54,0.351831,,1.21349,1.83141,6.60037,8.21425,9.80909,0.15,0.3,0.98,0.05,0.1,0.3,0,0.1,0.05,5,11,1.5,true,0.2,30,,0.192398,0.0884903,0.191625
5,rough_terrain,12,rough_terrain__res0.1__voxel0.05__polar0.2__horizon30__relax1.5__altTrue,/data/terrain_rough_terrain.pcd,100,100,0.1,world,elevation;slope;roughness;step;depression_raw;depression_norm;depression_score;landing_center;landing_score;alt_landing_center,7597,7407,0,0,,,,,,31,0.381282,,1.21349,1.83141,8.03682,8.19946,9.80909,0.15,0.3,0.98,0.05,0.1,0.3,0,0.1,0.05,5,12,1.5,true,0.2,30,,0.204576,0.0762266,0.226361
5,rough_terrain,13,rough_terrain__res0.1__voxel0.05__polar0.2__horizon30__relax1.5__altTrue,/data/terrain_rough_terrain.pcd,100,100,0.1,world,elevation;slope;roughness;step;depression_raw;depression_norm;depression_score;landing_center;landing_score;alt_landing_center,7714,7521,0,4,0.196014,0.0576862,2.65528,0.0576862,2.65528,0,,3.02439,1.47219,3.02439,7.39255,8.13739,9.80909,0.15,0.3,0.98,0.05,0.1,0.3,0,0.1,0.05,5,13,1.5,true,0.2,30,,0.205595,0.060689,0.200997
5,rough_terrain,14,rough_terrain__res0.1__voxel0.05__polar0.2__horizon30__relax1.5__altTrue,/data/terrain_rough_terrain.pcd,100,100,0.1,world,elevation;slope;roughness;step;depression_raw;depression_norm;depression_score;landing_center;landing_score;alt_landing_center,7872,7675,0,0,,,,,,78,0.407488,,1.47219,3.02439,6.56766,8.02527,9.80909,0.15,0.3,0.98,0.05,0.1,0.3,0,0.1,0.05,5,14,1.5,true,0.2,30,,0.174779,0.0939421,0.159843
5,rough_terrain,15,rough_terrain__res0.1__voxel0.05__polar0.2__horizon30__relax1.5__altTrue,/data/terrain_rough_terrain.pcd,100,100,0.1,world,elevation;slope;roughness;step;depression_raw;depression_norm;depression_score;landing_center;landing_score;alt_landing_center,8328,8119,0,2,0.237887,0.270064,-1.08413,0.270064,-1.08413,0,,1.72434,1.50371,3.02439,6.6514,7.93368,9.80909,0.15,0.3,0.98,0.05,0.1,0.3,0,0.1,0.05,5,15,1.5,true,0.2,30,,0.174856,0.0649222,0.174251
5,rough_terrain,16,rough_terrain__res0.1__voxel0.05__polar0.2__horizon30__relax1.5__altTrue,/data/terrain_rough_terrain.pcd,100,100,0.1,world,elevation;slope;roughness;step;depression_raw;depression_norm;depression_score;landing_center;landing_score;alt_landing_center,8114,7911,0,4,0.241386,-0.819204,2.49209,-0.819204,2.49209,0,,1.61558,1.51614,3.02439,6.78847,7.8621,9.80909,0.15,0.3,0.98,0.05,0.1,0.3,0,0.1,0.05,5,16,1.5,true,0.2,30,,0.160892,0.0776233,0.194363
5,rough_terrain,17,rough_terrain__res0.1__voxel0.05__polar0.2__horizon30__relax1.5__altTrue,/data/terrain_rough_terrain.pcd,100,100,0.1,world,elevation;slope;roughness;step;depression_raw;depression_norm;depression_score;landing_center;landing_score;alt_landing_center,8485,8272,0,5,0.144255,3.36573,-0.0326995,3.36573,-0.0326995,0,,1.74683,1.53921,3.02439,7.1047,7.81755,9.80909,0.15,0.3,0.98,0.05,0.1,0.3,0,0.1,0.05,5,17,1.5,true,0.2,30,,0.171537,0.0882365,0.216768
5,rough_terrain,18,rough_terrain__res0.1__voxel0.05__polar0.2__horizon30__relax1.5__altTrue,/data/terrain_rough_terrain.pcd,100,100,0.1,world,elevation;slope;roughness;step;depression_raw;depression_norm;depression_score;landing_center;landing_score;alt_landing_center,7786,7591,0,3,0.176965,2.87309,-3.39257,2.87309,-3.39257,0,,1.28643,1.51623,3.02439,9.64317,7.91897,9.80909,0.15,0.3,0.98,0.05,0.1,0.3,0,0.1,0.05,5,18,1.5,true,0.2,30,,0.15596,0.0798462,0.227821
5,rough_terrain,19,rough_terrain__res0.1__voxel0.05__polar0.2__horizon30__relax1.5__altTrue,/data/terrain_rough_terrain.pcd,100,100,0.1,world,elevation;slope;roughness;step;depression_raw;depression_norm;depression_score;landing_center;landing_score;alt_landing_center,7562,7372,0,4,0.13269,1.34893,1.04886,1.34893,1.04886,0,,2.44341,1.5935,3.02439,9.27118,7.99014,9.80909,0.15,0.3,0.98,0.05,0.1,0.3,0,0.1,0.05,5,19,1.5,true,0.2,30,,0.212827,0.0646446,0.231099
5,rough_terrain,20,rough_terrain__res0.1__voxel0.05__polar0.2__horizon30__relax1.5__altTrue,/data/terrain_rough_terrain.pcd,100,100,0.1,world,elevation;slope;roughness;step;depression_raw;depression_norm;depression_score;landing_center;landing_score;alt_landing_center,8141,7937,0,2,0.184044,2.60668,-3.24871,2.60668,-3.24871,0,,1.62852,1.59619,3.02439,7.68764,7.97502,9.80909,0.15,0.3,0.98,0.05,0.1,0.3,0,0.1,0.05,5,20,1.5,true,0.2,30,,0.201377,0.0673196,0.187277
6,rough_relax2x,1,rough_relax2x__res0.1__voxel0.05__polar0.2__horizon30__relax2.0__altTrue,/data/terrain_rough_relax2x.pcd,100,100,0.1,world,elevation;slope;roughness;step;depression_raw;depression_norm;depression_score;landing_center;landing_score;alt_landing_center,7778,7583,0,0,,,,,,297,0.530569,,,,8.58283,8.58283,,0.15,0.3,0.98,0.05,0.1,0.3,0,0.1,0.05,5,1,2,true,0.2,30,,0.152458,0.066773,0.233143
6,rough_relax2x,2,rough_relax2x__res0.1__voxel0.05__polar0.2__horizon30__relax2.0__altTrue,/data/terrain_rough_relax2x.pcd,100,100,0.1,world,elevation;slope;roughness;step;depression_raw;depression_norm;depression_score;landing_center;landing_score;alt_landing_center,8376,8166,0,0,,,,,,358,0.559156,,,,8.08557,8.3342,8.58283,0.15,0.3,0.98,0.05,0.1,0.3,0,0.1,0.05,5,2,2,true,0.2,30,,0.155622,0.0679036,0.171128
6,rough_relax2x,3,rough_relax2x__res0.1__voxel0.05__polar0.2__horizon30__relax2.0__altTrue,/data/terrain_rough_relax2x.pcd,100,100,0.1,world,elevation;slope;roughness;step;depression_raw;depression_norm;depression_score;landing_center;landing_score;alt_landing_center,7902,7704,0,4,0.197038,1.2726,-2.2396,1.2726,-2.2396,0,,,,,9.8933,8.8539,9.8933,0.15,0.3,0.98,0.05,0.1,0.3,0,0.1,0.05,5,3,2,true,0.2,30,,0.184288,0.0736114,0.192075
6,rough_relax2x,4,rough_relax2x__res0.1__voxel0.05__polar0.2__horizon30__relax2.0__altTrue,/data/terrain_rough_relax2x.pcd,100,100,0.1,world,elevation;slope;roughness;step;depression_raw;depression_norm;depression_score;landing_center;landing_score;alt_landing_center,7859,7662,0,4,0.15697,-2.49818,-0.271951,-2.49818,-0.271951,0,,1.7047,1.7047,1.7047,9.32551,8.9718,9.8933,0.15,0.3,0.98,0.05,0.1,0.3,0,0.1,0.05,5,4,2,true,0.2,30,,0.191197,0.0897773,0.177567
6,rough_relax2x,5,rough_relax2x__res0.1__voxel0.05__polar0.2__horizon30__relax2.0__altTrue,/data/terrain_rough_relax2x.pcd,100,100,0.1,world,elevation;slope;roughness;step;depression_raw;depression_norm;depression_score;landing_center;landing_score;alt_landing_center,8088,7885,0,0,,,,,,230,0.451696,,1.7047,1.7047,7.75932,8.7293,9.8933,0.15,0.3,0.98,0.05,0.1,0.3,0,0.1,0.05,5,5,2,true,0.2,30,,0.179917,0.0810987,0.214483
6,rough_relax2x,6,rough_relax2x__res0.1__voxel0.05__polar0.2__horizon30__relax2.0__altTrue,/data/terrain_rough_relax2x.pcd,100,100,0.1,world,elevation;slope;roughness;step;depression_raw;depression_norm;depression_score;landing_center;landing_score;alt_landing_center,7765,7570,0,0,,,,,,275,0.504343,,1.7047,1.7047,5.86723,8.25229,9.8933,0.15,0.3,0.98,0.05,0.1,0.3,0,0.1,0.05,5,6,2,true,0.2,30,,0.164523,0.0826373,0.175666
6,rough_relax2x,7,rough_relax2x__res0.1__voxel0.05__polar0.2__horizon30__relax2.0__altTrue,/data/terrain_rough_relax2x.pcd,100,100,0.1,world,elevation;slope;roughness;step;depression_raw;depression_norm;depression_score;landing_center;landing_score;alt_landing_center,7527,7338,0,4,0.200338,-0.987286,-1.42889,-0.987286,-1.42889,0,,0.932182,1.31844,1.7047,7.67088,8.16923,9.8933,0.15,0.3,0.98,0.05,0.1,0.3,0,0.1,0.05,5,7,2,true,0.2,30,,0.186763,0.0755952,0.182792
6,rough_relax2x,8,rough_relax2x__res0.1__voxel0.05__polar0.2__horizon30__relax2.0__altTrue,/data/terrain_rough_relax2x.pcd,100,100,0.1,world,elevation;slope;roughness;step;depression_raw;depression_norm;depression_score;landing_center;landing_score;alt_landing_center,8327,8118,0,0,,,,,,180,0.465011,,1.31844,1.7047,8.76749,8.24401,9.8933,0.15,0.3,0.98,0.05,0.1,0.3,0,0.1,0.05,5,8,2,true,0.2,30,,0.213566,0.0820696,0.197977
6,rough_relax2x,9,rough_relax2x__res0.1__voxel0.05__polar0.2__horizon30__relax2.0__altTrue,/data/terrain_rough_relax2x.pcd,100,100,0.1,world,elevation;slope;roughness;step;depression_raw;depression_norm;depression_score;landing_center;landing_score;alt_landing_center,7518,7330,0,0,,,,,,237,0.489127,,1.31844,1.7047,7.07414,8.11403,9.8933,0.15,0.3,0.98,0.05,0.1,0.3,0,0.1,0.05,5,9,2,true,0.2,30,,0.178967,0.0648753,0.228348
6,rough_relax2x,10,rough_relax2x__res0.1__voxel0.05__polar0.2__horizon30__relax2.0__altTrue,/data/terrain_rough_relax2x.pcd,100,100,0.1,world,elevation;slope;roughness;step;depression_raw;depression_norm;depression_score;landing_center;landing_score;alt_landing_center,8065,7863,0,0,,,,,,309,0.501912,,1.31844,1.7047,8.00992,8.10362,9.8933,0.15,0.3,0.98,0.05,0.1,0.3,0,0.1,0.05,5,10,2,true,0.2,30,,0.163613,0.0715676,0.18599
6,rough_relax2x,11,rough_relax2x__res0.1__voxel0.05__polar0.2__horizon30__relax2.0__altTrue,/data/terrain_rough_relax2x.pcd,100,100,0.1,world,elevation;slope;roughness;step;depression_raw;depression_norm;depression_score;landing_center;landing_score;alt_landing_center,7267,7085,0,0,,,,,,159,0.466434,,1.31844,1.7047,8.13501,8.10647,9.8933,0.15,0.3,0.98,0.05,0.1,0.3,0,0.1,0.05,5,11,2,true,0.2,30,,0.200726,0.0864449,0.234183
6,rough_relax2x,12,rough_relax2x__res0.1__voxel0.05__polar0.2__horizon30__relax2.0__altTrue,/data/terrain_rough_relax2x.pcd,100,100,0.1,world,elevation;slope;roughness;step;depression_raw;depression_norm;depression_score;landing_center;landing_score;alt_landing_center,7481,7293,0,3,0.0985846,2.63522,-0.938997,2.63522,-0.938997,0,,1.64628,1.42772,1.7047,7.4004,8.04763,9.8933,0.15,0.3,0.98,0.05,0.1,0.3,0,0.1,0.05,5,12,2,true,0.2,30,,0.206761,0.0928929,0.190391
6,rough_relax2x,13,rough_relax2x__res0.1__voxel0.05__polar0.2__horizon30__relax2.0__altTrue,/data/terrain_rough_relax2x.pcd,100,100,0.1,world,elevation;slope;roughness;step;depression_raw;depression_norm;depression_score;landing_center;landing_score;alt_landing_center,8458,8246,0,0,,,,,,225,0.454821,,1.42772,1.7047,8.44337,8.07807,9.8933,0.15,0.3,0.98,0.05,0.1,0.3,0,0.1,0.05,5,13,2,true,0.2,30,,0.178477,0.0847491,0.24121
6,rough_relax2x,14,rough_relax2x__res0.1__voxel0.05__polar0.2__horizon30__relax2.0__altTrue,/data/terrain_rough_relax2x.pcd,100,100,0.1,world,elevation;slope;roughness;step;depression_raw;depression_norm;depression_score;landing_center;landing_score;alt_landing_center,8186,7981,0,0,,,,,,226,0.494249,,1.42772,1.7047,8.55979,8.11248,9.8933,0.15,0.3,0.98,0.05,0.1,0.3,0,0.1,0.05,5,14,2,true,0.2,30,,0.202312,0.0694925,0.192242
6,rough_relax2x,15,rough_relax2x__res0.1__voxel0.05__polar0.2__horizon30__relax2.0__altTrue,/data/terrain_rough_relax2x.pcd,100,100,0.1,world,elevation;slope;roughness;step;depression_raw;depression_norm;depression_score;landing_center;landing_score;alt_landing_center,7935,7736,0,0,,,,,,313,0.558463,,1.42772,1.7047,8.78443,8.15728,9.8933,0.15,0.3,0.98,0.05,0.1,0.3,0,0.1,0.05,5,15,2,true,0.2,30,,0.167958,0.0692768,0.16909
6,rough_relax2x,16,rough_relax2x__res0.1__voxel0.05__polar0.2__horizon30__relax2.0__altTrue,/data/terrain_rough_relax2x.pcd,100,100,0.1,world,elevation;slope;roughness;step;depression_raw;depression_norm;depression_score;landing_center;landing_score;alt_landing_center,8179,7974,0,0,,,,,,253,0.513377,,1.42772,1.7047,8.33714,8.16852,9.8933,0.15,0.3,0.98,0.05,0.1,0.3,0,0.1,0.05,5,16,2,true,0.2,30,,0.168876,0.0838563,0.213681
6,rough_relax2x,17,rough_relax2x__res0.1__voxel0.05__polar0.2__horizon30__relax2.0__altTrue,/data/terrain_rough_relax2x.pcd,100,100,0.1,world,elevation;slope;roughness;step;depression_raw;depression_norm;depression_score;landing_center;landing_score;alt_landing_center,7826,7630,0,4,0.232931,2.68964,0.429852,2.68964,0.429852,0,,0.730243,1.25335,1.7047,5.99449,8.04064,9.8933,0.15,0.3,0.98,0.05,0.1,0.3,0,0.1,0.05,5,17,2,true,0.2,30,,0.161168,0.087759,0.179276
6,rough_relax2x,18,rough_relax2x__res0.1__voxel0.05__polar0.2__horizon30__relax2.0__altTrue,/data/terrain_rough_relax2x.pcd,100,100,0.1,world,elevation;slope;roughness;step;depression_raw;depression_norm;depression_score;landing_center;landing_score;alt_landing_center,7610,7419,0,1,0.106543,-2.68327,-3.18257,-2.68327,-3.18257,0,,2.31422,1.46553,2.31422,7.84204,8.0296,9.8933,0.15,0.3,0.98,0.05,0.1,0.3,0,0.1,0.05,5,18,2,true,0.2,30,,0.181164,0.0828445,0.219616
6,rough_relax2x,19,rough_relax2x__res0.1__voxel0.05__polar0.2__horizon30__relax2.0__altTrue,/data/terrain_rough_relax2x.pcd,100,100,0.1,world,elevation;slope;roughness;step;depression_raw;depression_norm;depression_score;landing_center;landing_score;alt_landing_center,7720,7527,0,0,,,,,,216,0.513817,,1.46553,2.31422,7.84912,8.0201,9.8933,0.15,0.3,0.98,0.05,0.1,0.3,0,0.1,0.05,5,19,2,true,0.2,30,,0.188941,0.0798983,0.202369
6,rough_relax2x,20,rough_relax2x__res0.1__voxel0.05__polar0.2__horizon30__relax2.0__altTrue,/data/terrain_rough_relax2x.pcd,100,100,0.1,world,elevation;slope;roughness;step;depression_raw;depression_norm;depression_score;landing_center;landing_score;alt_landing_center,8151,7947,0,1,0.138141,1.08445,2.33585,1.08445,2.33585,0,,3.16144,1.74818,3.16144,7.06802,7.9725,9.8933,0.15,0.3,0.98,0.05,0.1,0.3,0,0.1,0.05,5,20,2,true,0.2,30,,0.206402,0.0761368,0.174234
7,rough_no_alt,1,rough_no_alt__res0.1__voxel0.05__polar0.2__horizon30__relax1.5__altFalse,/data/terrain_rough_no_alt.pcd,100,100,0.1,world,elevation;slope;roughness;step;depression_raw;depression_norm;depression_score;landing_center;landing_score;alt_landing_center,7791,7596,0,0,,,,,,0,,,,,7.93903,7.93903,,0.15,0.3,0.98,0.05,0.1,0.3,0,0.1,0.05,5,1,1.5,false,0.2,30,,0.193526,0.0775784,0.19487
7,rough_no_alt,2,rough_no_alt__res0.1__voxel0.05__polar0.2__horizon30__relax1.5__altFalse,/data/terrain_rough_no_alt.pcd,100,100,0.1,world,elevation;slope;roughness;step;depression_raw;depression_norm;depression_score;landing_center;landing_score;alt_landing_center,8099,7896,0,3,0.223404,-3.07615,-1.56883,-3.07615,-1.56883,0,,,,,6.5688,7.25391,7.93903,0.15,0.3,0.98,0.05,0.1,0.3,0,0.1,0.05,5,2,1.5,false,0.2,30,,0.168277,0.0822513,0.192786
7,rough_no_alt,3,rough_no_alt__res0.1__voxel0.05__polar0.2__horizon30__relax1.5__altFalse,/data/terrain_rough_no_alt.pcd,100,100,0.1,world,elevation;slope;roughness;step;depression_raw;depression_norm;depression_score;landing_center;landing_score;alt_landing_center,8275,8068,0,0,,,,,,0,,,,,7.57228,7.36004,7.93903,0.15,0.3,0.98,0.05,0.1,0.3,0,0.1,0.05,5,3,1.5,false,0.2,30,,0.165001,0.0991297,0.190317
7,rough_no_alt,4,rough_no_alt__res0.1__voxel0.05__polar0.2__horizon30__relax1.5__altFalse,/data/terrain_rough_no_alt.pcd,100,100,0.1,world,elevation;slope;roughness;step;depression_raw;depression_norm;depression_score;landing_center;landing_score;alt_landing_center,8228,8022,0,0,,,,,,0,,,,,5,6.77003,7.93903,0.15,0.3,0.98,0.05,0.1,0.3,0,0.1,0.05,5,4,1.5,false,0.2,30,,0.166562,0.0702169,0.196595
7,rough_no_alt,5,rough_no_alt__res0.1__voxel0.05__polar0.2__horizon30__relax1.5__altFalse,/data/terrain_rough_no_alt.pcd,100,100,0.1,world,elevation;slope;roughness;step;depression_raw;depression_norm;depression_score;landing_center;landing_score;alt_landing_center,7486,7298,0,3,0.142,2.58787,-1.20008,2.58787,-1.20008,0,,2.15411,2.15411,2.15411,7.94376,7.00477,7.94376,0.15,0.3,0.98,0.05,0.1,0.3,0,0.1,0.05,5,5,1.5,false,0.2,30,,0.177856,0.0940342,0.197532
7,rough_no_alt,6,rough_no_alt__res0.1__voxel0.05__polar0.2__horizon30__relax1.5__altFalse,/data/terrain_rough_no_alt.pcd,100,100,0.1,world,elevation;slope;roughness;step;depression_raw;depression_norm;depression_score;landing_center;landing_score;alt_landing_center,8319,8111,0,0,,,,,,0,,,2.15411,2.15411,8.03695,7.1768,8.03695,0.15,0.3,0.98,0.05,0.1,0.3,0,0.1,0.05,5,6,1.5,false,0.2,30,,0.192104,0.0804889,0.199118
7,rough_no_alt,7,rough_no_alt__res0.1__voxel0.05__polar0.2__horizon30__relax1.5__altFalse,/data/terrain_rough_no_alt.pcd,100,100,0.1,world,elevation;slope;roughness;step;depression_raw;depression_norm;depression_score;landing_center;landing_score;alt_landing_center,8329,8120,0,0,,,,,,0,,,2.15411,2.15411,7.58694,7.23539,8.03695,0.15,0.3,0.98,0.05,0.1,0.3,0,0.1,0.05,5,7,1.5,false,0.2,30,,0.20237,0.0792193,0.202897
7,rough_no_alt,8,rough_no_alt__res0.1__voxel0.05__polar0.2__horizon30__relax1.5__altFalse,/data/terrain_rough_no_alt.pcd,100,100,0.1,world,elevation;slope;roughness;step;depression_raw;depression_norm;depression_score;landing_center;landing_score;alt_landing_center,7528,7339,0,0,,,,,,0,,,2.15411,2.15411,9.48746,7.5169,9.48746,0.15,0.3,0.98,0.05,0.1,0.3,0,0.1,0.05,5,8,1.5,false,0.2,30,,0.171714,0.0940719,0.203294
7,rough_no_alt,9,rough_no_alt__res0.1__voxel0.05__polar0.2__horizon30__relax1.5__altFalse,/data/terrain_rough_no_alt.pcd,100,100,0.1,world,elevation;slope;roughness;step;depression_raw;depression_norm;depression_score;landing_center;landing_score;alt_landing_center,7369,7184,0,0,,,,,,0,,,2.15411,2.15411,8.92818,7.67371,9.48746,0.15,0.3,0.98,0.05,0.1,0.3,0,0.1,0.05,5,9,1.5,false,0.2,30,,0.194067,0.080622,0.214619
7,rough_no_alt,10,rough_no_alt__res0.1__voxel0.05__polar0.2__horizon30__relax1.5__altFalse,/data/terrain_rough_no_alt.pcd,100,100,0.1,world,elevation;slope;roughness;step;depression_raw;depression_norm;depression_score;landing_center;landing_score;alt_landing_center,7879,7682,0,0,,,,,,0,,,2.15411,2.15411,7.67866,7.67421,9.48746,0.15,0.3,0.98,0.05,0.1,0.3,0,0.1,0.05,5,10,1.5,false,0.2,30,,0.193451,0.0662741,0.20516
7,rough_no_alt,11,rough_no_alt__res0.1__voxel0.05__polar0.2__horizon30__relax1.5__altFalse,/data/terrain_rough_no_alt.pcd,100,100,0.1,world,elevation;slope;roughness;step;depression_raw;depression_norm;depression_score;landing_center;landing_score;alt_landing_center,8383,8173,0,5,0.195476,0.150159,-0.293702,0.150159,-0.293702,0,,1.41171,1.78291,2.15411,8.41364,7.74143,9.48746,0.15,0.3,0.98,0.05,0.1,0.3,0,0.1,0.05,5,11,1.5,false,0.2,30,,0.167835,0.0816816,0.175832
7,rough_no_alt,12,rough_no_alt__res0.1__voxel0.05__polar0.2__horizon30__relax1.5__altFalse,/data/terrain_rough_no_alt.pcd,100,100,0.1,world,elevation;slope;roughness;step;depression_raw;depression_norm;depression_score;landing_center;landing_score;alt_landing_center,7850,7653,0,2,0.156933,-2.98556,-2.93447,-2.98556,-2.93447,0,,1.9336,1.83314,2.15411,8.02456,7.76502,9.48746,0.15,0.3,0.98,0.05,0.1,0.3,0,0.1,0.05,5,12,1.5,false,0.2,30,,0.199071,0.0834069,0.175188
7,rough_no_alt,13,rough_no_alt__res0.1__voxel0.05__polar0.2__horizon30__relax1.5__altFalse,/data/terrain_rough_no_alt.pcd,100,100,0.1,world,elevation;slope;roughness;step;depression_raw;depression_norm;depression_score;landing_center;landing_score;alt_landing_center,7639,7448,0,4,0.130131,0.213898,-0.323992,0.213898,-0.323992,0,,1.94525,1.86117,2.15411,5.71593,7.6074,9.48746,0.15,0.3,0.98,0.05,0.1,0.3,0,0.1,0.05,5,13,1.5,false,0.2,30,,0.193224,0.0825733,0.183096
7,rough_no_alt,14,rough_no_alt__res0.1__voxel0.05__polar0.2__horizon30__relax1.5__altFalse,/data/terrain_rough_no_alt.pcd,100,100,0.1,world,elevation;slope;roughness;step;depression_raw;depression_norm;depression_score;landing_center;landing_score;alt_landing_center,8205,7999,0,0,,,,,,0,,,1.86117,2.15411,6.73161,7.54484,9.48746,0.15,0.3,0.98,0.05,0.1,0.3,0,0.1,0.05,5,14,1.5,false,0.2,30,,0.202738,0.0872627,0.217465
7,rough_no_alt,15,rough_no_alt__res0.1__voxel0.05__polar0.2__horizon30__relax1.5__altFalse,/data/terrain_rough_no_alt.pcd,100,100,0.1,world,elevation;slope;roughness;step;depression_raw;depression_norm;depression_score;landing_center;landing_score;alt_landing_center,7752,7558,0,2,0.226598,-1.31216,-1.31234,-1.31216,-1.31234,0,,0.729039,1.63474,2.15411,5.66583,7.41958,9.48746,0.15,0.3,0.98,0.05,0.1,0.3,0,0.1,0.05,5,15,1.5,false,0.2,30,,0.159145,0.0648473,0.217805
7,rough_no_alt,16,rough_no_alt__res0.1__voxel0.05__polar0.2__horizon30__relax1.5__altFalse,/data/terrain_rough_no_alt.pcd,100,100,0.1,world,elevation;slope;roughness;step;depression_raw;depression_norm;depression_score;landing_center;landing_score;alt_landing_center,7829,7633,0,0,,,,,,0,,,1.63474,2.15411,5,7.26835,9.48746,0.15,0.3,0.98,0.05,0.1,0.3,0,0.1,0.05,5,16,1.5,false,0.2,30,,0.197299,0.0916758,0.191239
7,rough_no_alt,17,rough_no_alt__res0.1__voxel0.05__polar0.2__horizon30__relax1.5__altFalse,/data/terrain_rough_no_alt.pcd,100,100,0.1,world,elevation;slope;roughness;step;depression_raw;depression_norm;depression_score;landing_center;landing_score;alt_landing_center,8260,8053,0,3,0.169699,-3.08013,3.19637,-3.08013,3.19637,0,,2.23907,1.73546,2.23907,8.50242,7.34094,9.48746,0.15,0.3,0.98,0.05,0.1,0.3,0,0.1,0.05,5,17,1.5,false,0.2,30,,0.183914,0.0769176,0.226922
7,rough_no_alt,18,rough_no_alt__res0.1__voxel0.05__polar0.2__horizon30__relax1.5__altFalse,/data/terrain_rough_no_alt.pcd,100,100,0.1,world,elevation;slope;roughness;step;depression_raw;depression_norm;depression_score;landing_center;landing_score;alt_landing_center,7764,7569,0,0,,,,,,0,,,1.73546,2.23907,7.79027,7.36591,9.48746,0.15,0.3,0.98,0.05,0.1,0.3,0,0.1,0.05,5,18,1.5,false,0.2,30,,0.171082,0.0727887,0.233364
7,rough_no_alt,19,rough_no_alt__res0.1__voxel0.05__polar0.2__horizon30__relax1.5__altFalse,/data/terrain_rough_no_alt.pcd,100,100,0.1,world,elevation;slope;roughness;step;depression_raw;depression_norm;depression_score;landing_center;landing_score;alt_landing_center,7673,7481,0,4,0.205634,-0.124674,2.43092,-0.124674,2.43092,0,,1.28232,1.67073,2.23907,9.0113,7.45251,9.48746,0.15,0.3,0.98,0.05,0.1,0.3,0,0.1,0.05,5,19,1.5,false,0.2,30,,0.149442,0.090623,0.194656
7,rough_no_alt,20,rough_no_alt__res0.1__voxel0.05__polar0.2__horizon30__relax1.5__altFalse,/data/terrain_rough_no_alt.pcd,100,100,0.1,world,elevation;slope;roughness;step;depression_raw;depression_norm;depression_score;landing_center;landing_score;alt_landing_center,7580,7390,0,0,,,,,,0,,,1.67073,2.23907,10.2657,7.59317,10.2657,0.15,0.3,0.98,0.05,0.1,0.3,0,0.1,0.05,5,20,1.5,false,0.2,30,,0.179514,0.0762921,0.196579
8,mixed_sparse_sensor,1,mixed_sparse_sensor__res0.1__voxel0.05__polar0.4__horizon20__relax1.5__altTrue,/data/terrain_mixed_sparse_sensor.pcd,100,100,0.1,world,elevation;slope;roughness;step;depression_raw;depression_norm;depression_score;landing_center;landing_score;alt_landing_center,2669,2602,0,5,0.424413,0.397178,0.762964,0.397178,0.762964,0,,,,,5.97836,5.97836,,0.15,0.3,0.98,0.05,0.1,0.3,0,0.1,0.05,3,1,1.5,true,0.4,20,,0.128155,0.04096,0.177355
8,mixed_sparse_sensor,2,mixed_sparse_sensor__res0.1__voxel0.05__polar0.4__horizon20__relax1.5__altTrue,/data/terrain_mixed_sparse_sensor.pcd,100,100,0.1,world,elevation;slope;roughness;step;depression_raw;depression_norm;depression_score;landing_center;landing_score;alt_landing_center,2732,2663,0,0,,,,,,36,0.557119,,,,5.81778,5.89807,5.97836,0.15,0.3,0.98,0.05,0.1,0.3,0,0.1,0.05,3,2,1.5,true,0.4,20,,0.109901,0.0435646,0.161787
8,mixed_sparse_sensor,3,mixed_sparse_sensor__res0.1__voxel0.05__polar0.4__horizon20__relax1.5__altTrue,/data/terrain_mixed_sparse_sensor.pcd,100,100,0.1,world,elevation;slope;roughness;step;depression_raw;depression_norm;depression_score;landing_center;landing_score;alt_landing_center,2468,2406,0,5,0.39071,3.30267,-2.8577,3.30267,-2.8577,0,,2.11734,2.11734,2.11734,5.86448,5.88687,5.97836,0.15,0.3,0.98,0.05,0.1,0.3,0,0.1,0.05,3,3,1.5,true,0.4,20,,0.144216,0.0503873,0.136118
8,mixed_sparse_sensor,4,mixed_sparse_sensor__res0.1__voxel0.05__polar0.4__horizon20__relax1.5__altTrue,/data/terrain_mixed_sparse_sensor.pcd,100,100,0.1,world,elevation;slope;roughness;step;depression_raw;depression_norm;depression_score;landing_center;landing_score;alt_landing_center,2546,2482,0,4,0.463863,0.673566,2.6834,0.673566,2.6834,0,,2.33745,2.2274,2.33745,9.12227,6.69572,9.12227,0.15,0.3,0.98,0.05,0.1,0.3,0,0.1,0.05,3,4,1.5,true,0.4,20,,0.1106,0.0538582,0.157123
8,mixed_sparse_sensor,5,mixed_sparse_sensor__res0.1__voxel0.05__polar0.4__horizon20__relax1.5__altTrue,/data/terrain_mixed_sparse_sensor.pcd,100,100,0.1,world,elevation;slope;roughness;step;depression_raw;depression_norm;depression_score;landing_center;landing_score;alt_landing_center,2588,2523,0,4,0.448368,-0.405691,-1.58783,-0.405691,-1.58783,0,,2.20709,2.22063,2.33745,8.22779,7.00214,9.12227,0.15,0.3,0.98,0.05,0.1,0.3,0,0.1,0.05,3,5,1.5,true,0.4,20,,0.120107,0.0484031,0.164144
8,mixed_sparse_sensor,6,mixed_sparse_sensor__res0.1__voxel0.05__polar0.4__horizon20__relax1.5__altTrue,/data/terrain_mixed_sparse_sensor.pcd,100,100,0.1,world,elevation;slope;roughness;step;depression_raw;depression_norm;depression_score;landing_center;landing_score;alt_landing_center,2615,2549,0,5,0.44554,-1.34106,-1.95637,-1.34106,-1.95637,0,,0.549819,1.80293,2.33745,6.8559,6.97776,9.12227,0.15,0.3,0.98,0.05,0.1,0.3,0,0.1,0.05,3,6,1.5,true,0.4,20,,0.129605,0.0534758,0.145314
8,mixed_sparse_sensor,7,mixed_sparse_sensor__res0.1__voxel0.05__polar0.4__horizon20__relax1.5__altTrue,/data/terrain_mixed_sparse_sensor.pcd,100,100,0.1,world,elevation;slope;roughness;step;depression_raw;depression_norm;depression_score;landing_center;landing_score;alt_landing_center,2733,2664,0,0,,,,,,6,0.500565,,1.80293,2.33745,9.04466,7.27304,9.12227,0.15,0.3,0.98,0.05,0.1,0.3,0,0.1,0.05,3,7,1.5,true,0.4,20,,0.12764,0.0511411,0.17412
8,mixed_sparse_sensor,8,mixed_sparse_sensor__res0.1__voxel0.05__polar0.4__horizon20__relax1.5__altTrue,/data/terrain_mixed_sparse_sensor.pcd,100,100,0.1,world,elevation;slope;roughness;step;depression_raw;depression_norm;depression_score;landing_center;landing_score;alt_landing_center,2634,2568,0,0,,,,,,12,0.522925,,1.80293,2.33745,5.41944,7.04134,9.12227,0.15,0.3,0.98,0.05,0.1,0.3,0,0.1,0.05,3,8,1.5,true,0.4,20,,0.130262,0.0540144,0.142847
8,mixed_sparse_sensor,9,mixed_sparse_sensor__res0.1__voxel0.05__polar0.4__horizon20__relax1.5__altTrue,/data/terrain_mixed_sparse_sensor.pcd,100,100,0.1,world,elevation;slope;roughness;step;depression_raw;depression_norm;depression_score;landing_center;landing_score;alt_landing_center,2723,2654,0,1,0.515434,-3.36881,2.94814,-3.36881,2.94814,0,,2.77258,1.99686,2.77258,10.6129,7.43817,10.6129,0.15,0.3,0.98,0.05,0.1,0.3,0,0.1,0.05,3,9,1.5,true,0.4,20,,0.103378,0.0473219,0.140814
8,mixed_sparse_sensor,10,mixed_sparse_sensor__res0.1__voxel0.05__polar0.4__horizon20__relax1.5__altTrue,/data/terrain_mixed_sparse_sensor.pcd,100,100,0.1,world,elevation;slope;roughness;step;depression_raw;depression_norm;depression_score;landing_center;landing_score;alt_landing_center,2457,2395,0,0,,,,,,38,0.540718,,1.99686,2.77258,8.17812,7.51217,10.6129,0.15,0.3,0.98,0.05,0.1,0.3,0,0.1,0.05,3,10,1.5,true,0.4,20,,0.106078,0.0470093,0.146073
8,mixed_sparse_sensor,11,mixed_sparse_sensor__res0.1__voxel0.05__polar0.4__horizon20__relax1.5__altTrue,/data/terrain_mixed_sparse_sensor.pcd,100,100,0.1,world,elevation;slope;roughness;step;depression_raw;depression_norm;depression_score;landing_center;landing_score;alt_landing_center,2562,2497,0,1,0.406929,2.41139,-1.79678,2.41139,-1.79678,0,,3.49816,2.24707,3.49816,7.87933,7.54555,10.6129,0.15,0.3,0.98,0.05,0.1,0.3,0,0.1,0.05,3,11,1.5,true,0.4,20,,0.133738,0.0607092,0.127773
8,mixed_sparse_sensor,12,mixed_sparse_sensor__res0.1__voxel0.05__polar0.4__horizon20__relax1.5__altTrue,/data/terrain_mixed_sparse_sensor.pcd,100,100,0.1,world,elevation;slope;roughness;step;depression_raw;depression_norm;depression_score;landing_center;landing_score;alt_landing_center,2549,2485,0,0,,,,,,33,0.571837,,2.24707,3.49816,9.65147,7.72104,10.6129,0.15,0.3,0.98,0.05,0.1,0.3,0,0.1,0.05,3,12,1.5,true,0.4,20,,0.108091,0.0492472,0.144949
8,mixed_sparse_sensor,13,mixed_sparse_sensor__res0.1__voxel0.05__polar0.4__horizon20__relax1.5__altTrue,/data/terrain_mixed_sparse_sensor.pcd,100,100,0.1,world,elevation;slope;roughness;step;depression_raw;depression_norm;depression_score;landing_center;landing_score;alt_landing_center,2556,2492,0,5,0.483641,2.20526,-1.84612,2.20526,-1.84612,0,,0.0803913,1.93755,3.49816,7.81209,7.72804,10.6129,0.15,0.3,0.98,0.05,0.1,0.3,0,0.1,0.05,3,13,1.5,true,0.4,20,,0.114108,0.0498381,0.11745
8,mixed_sparse_sensor,14,mixed_sparse_sensor__res0.1__voxel0.05__polar0.4__horizon20__relax1.5__altTrue,/data/terrain_mixed_sparse_sensor.pcd,100,100,0.1,world,elevation;slope;roughness;step;depression_raw;depression_norm;depression_score;landing_center;landing_score;alt_landing_center,2483,2420,0,5,0.383057,-0.0411808,1.78112,-0.0411808,1.78112,0,,2.1417,1.96307,3.49816,6.50433,7.64064,10.6129,0.15,0.3,0.98,0.05,0.1,0.3,0,0.1,0.05,3,14,1.5,true,0.4,20,,0.125301,0.0564215,0.151405
8,mixed_sparse_sensor,15,mixed_sparse_sensor__res0.1__voxel0.05__polar0.4__horizon20__relax1.5__altTrue,/data/terrain_mixed_sparse_sensor.pcd,100,100,0.1,world,elevation;slope;roughness;step;depression_raw;depression_norm;depression_score;landing_center;landing_score;alt_landing_center,2673,2606,0,5,0.499711,-1.28703,-0.42166,-1.28703,-0.42166,0,,1.12308,1.86973,3.49816,8.59354,7.70416,10.6129,0.15,0.3,0.98,0.05,0.1,0.3,0,0.1,0.05,3,15,1.5,true,0.4,20,,0.0941387,0.0535833,0.13042
8,mixed_sparse_sensor,16,mixed_sparse_sensor__res0.1__voxel0.05__polar0.4__horizon20__relax1.5__altTrue,/data/terrain_mixed_sparse_sensor.pcd,100,100,0.1,world,elevation;slope;roughness;step;depression_raw;depression_norm;depression_score;landing_center;landing_score;alt_landing_center,2439,2378,0,2,0.498194,-0.336603,-3.10177,-0.336603,-3.10177,0,,1.46828,1.82959,3.49816,8.82701,7.77434,10.6129,0.15,0.3,0.98,0.05,0.1,0.3,0,0.1,0.05,3,16,1.5,true,0.4,20,,0.105482,0.0434449,0.138271
8,mixed_sparse_sensor,17,mixed_sparse_sensor__res0.1__voxel0.05__polar0.4__horizon20__relax1.5__altTrue,/data/terrain_mixed_sparse_sensor.pcd,100,100,0.1,world,elevation;slope;roughness;step;depression_raw;depression_norm;depression_score;landing_center;landing_score;alt_landing_center,2623,2557,0,2,0.349108,0.562306,3.17962,0.562306,3.17962,0,,3.15863,1.95041,3.49816,8.17773,7.79807,10.6129,0.15,0.3,0.98,0.05,0.1,0.3,0,0.1,0.05,3,17,1.5,true,0.4,20,,0.141248,0.054633,0.162733
8,mixed_sparse_sensor,18,mixed_sparse_sensor__res0.1__voxel0.05__polar0.4__horizon20__relax1.5__altTrue,/data/terrain_mixed_sparse_sensor.pcd,100,100,0.1,world,elevation;slope;roughness;step;depression_raw;depression_norm;depression_score;landing_center;landing_score;alt_landing_center,2665,2598,0,3,0.378988,-2.44397,-3.06688,-2.44397,-3.06688,0,,2.5698,2.00203,3.49816,7.9124,7.80442,10.6129,0.15,0.3,0.98,0.05,0.1,0.3,0,0.1,0.05,3,18,1.5,true,0.4,20,,0.145409,0.0527909,0.141278
8,mixed_sparse_sensor,19,mixed_sparse_sensor__res0.1__voxel0.05__polar0.4__horizon20__relax1.5__altTrue,/data/terrain_mixed_sparse_sensor.pcd,100,100,0.1,world,elevation;slope;roughness;step;depression_raw;depression_norm;depression_score;landing_center;landing_score;alt_landing_center,2481,2418,0,0,,,,,,19,0.507146,,2.00203,3.49816,8.08818,7.81936,10.6129,0.15,0.3,0.98,0.05,0.1,0.3,0,0.1,0.05,3,19,1.5,true,0.4,20,,0.12887,0.0472837,0.146047
8,mixed_sparse_sensor,20,mixed_sparse_sensor__res0.1__voxel0.05__polar0.4__horizon20__relax1.5__altTrue,/data/terrain_mixed_sparse_sensor.pcd,100,100,0.1,world,elevation;slope;roughness;step;depression_raw;depression_norm;depression_score;landing_center;landing_score;alt_landing_center,2566,2501,0,0,,,,,,35,0.550243,,2.00203,3.49816,9.80834,7.9188,10.6129,0.15,0.3,0.98,0.05,0.1,0.3,0,0.1,0.05,3,20,1.5,true,0.4,20,,0.108064,0.0520506,0.14127
9,obstacle_rich,1,obstacle_rich__res0.1__voxel0.05__polar0.2__horizon30__relax1.5__altTrue,/data/terrain_obstacle_rich.pcd,100,100,0.1,world,elevation;slope;roughness;step;depression_raw;depression_norm;depression_score;landing_center;landing_score;alt_landing_center,8050,7848,423,98,0.440045,-1.19216,0.405742,-1.19216,0.405742,0,,,,,5.40498,5.40498,,0.15,0.3,0.98,0.05,0.1,0.3,0,0.1,0.05,5,1,1.5,true,0.2,30,,0.0738911,0.0629576,0.213968
9,obstacle_rich,2,obstacle_rich__res0.1__voxel0.05__polar0.2__horizon30__relax1.5__altTrue,/data/terrain_obstacle_rich.pcd,100,100,0.1,world,elevation;slope;roughness;step;depression_raw;depression_norm;depression_score;landing_center;landing_score;alt_landing_center,7993,7793,55,10,0.353245,-1.16647,0.579177,-1.16647,0.579177,0,,0.066324,0.066324,0.066324,10.2139,7.80946,10.2139,0.15,0.3,0.98,0.05,0.1,0.3,0,0.1,0.05,5,2,1.5,true,0.2,30,,0.0753877,0.0629898,0.288467
9,obstacle_rich,3,obstacle_rich__res0.1__voxel0.05__polar0.2__horizon30__relax1.5__altTrue,/data/terrain_obstacle_rich.pcd,100,100,0.1,world,elevation;slope;roughness;step;depression_raw;depression_norm;depression_score;landing_center;landing_score;alt_landing_center,7983,7783,224,50,0.403213,-1.33293,-0.863245,-1.33293,-0.863245,0,,0.738096,0.40221,0.738096,7.05251,7.55715,10.2139,0.15,0.3,0.98,0.05,0.1,0.3,0,0.1,0.05,5,3,1.5,true,0.2,30,,0.0676984,0.0727288,0.242068
9,obstacle_rich,4,obstacle_rich__res0.1__voxel0.05__polar0.2__horizon30__relax1.5__altTrue,/data/terrain_obstacle_rich.pcd,100,100,0.1,world,elevation;slope;roughness;step;depression_raw;depression_norm;depression_score;landing_center;landing_score;alt_landing_center,8098,7895,168,43,0.393905,-2.84583,1.19319,-2.84583,1.19319,0,,1.15318,0.652535,1.15318,8.44152,7.77824,10.2139,0.15,0.3,0.98,0.05,0.1,0.3,0,0.1,0.05,5,4,1.5,true,0.2,30,,0.0846068,0.0517592,0.269499
9,obstacle_rich,5,obstacle_rich__res0.1__voxel0.05__polar0.2__horizon30__relax1.5__altTrue,/data/terrain_obstacle_rich.pcd,100,100,0.1,world,elevation;slope;roughness;step;depression_raw;depression_norm;depression_score;landing_center;landing_score;alt_landing_center,8201,7995,124,28,0.383606,-1.9142,-2.53704,-1.9142,-2.53704,0,,1.40502,0.840656,1.40502,8.93114,8.00882,10.2139,0.15,0.3,0.98,0.05,0.1,0.3,0,0.1,0.05,5,5,1.5,true,0.2,30,,0.0868314,0.0605895,0.271795
9,obstacle_rich,6,obstacle_rich__res0.1__voxel0.05__polar0.2__horizon30__relax1.5__altTrue,/data/terrain_obstacle_rich.pcd,100,100,0.1,world,elevation;slope;roughness;step;depression_raw;depression_norm;depression_score;landing_center;landing_score;alt_landing_center,8351,8142,227,50,0.384251,1.1335,2.63475,1.1335,2.63475,0,,2.84306,1.24114,2.84306,5.94952,7.6656,10.2139,0.15,0.3,0.98,0.05,0.1,0.3,0,0.1,0.05,5,6,1.5,true,0.2,30,,0.0820656,0.0577028,0.256208
9,obstacle_rich,7,obstacle_rich__res0.1__voxel0.05__polar0.2__horizon30__relax1.5__altTrue,/data/terrain_obstacle_rich.pcd,100,100,0.1,world,elevation;slope;roughness;step;depression_raw;depression_norm;depression_score;landing_center;landing_score;alt_landing_center,8021,7820,182,41,0.454227,1.54828,-3.19415,1.54828,-3.19415,0,,2.47104,1.44612,2.84306,10.1229,8.01665,10.2139,0.15,0.3,0.98,0.05,0.1,0.3,0,0.1,0.05,5,7,1.5,true,0.2,30,,0.0762071,0.0580075,0.26617
9,obstacle_rich,8,obstacle_rich__res0.1__voxel0.05__polar0.2__horizon30__relax1.5__altTrue,/data/terrain_obstacle_rich.pcd,100,100,0.1,world,elevation;slope;roughness;step;depression_raw;depression_norm;depression_score;landing_center;landing_score;alt_landing_center,8224,8018,601,143,0.486421,0.238078,-1.33372,0.238078,-1.33372,0,,1.16442,1.40588,2.84306,5.16406,7.66007,10.2139,0.15,0.3,0.98,0.05,0.1,0.3,0,0.1,0.05,5,8,1.5,true,0.2,30,,0.0759838,0.0444302,0.217914
9,obstacle_rich,9,obstacle_rich__res0.1__voxel0.05__polar0.2__horizon30__relax1.5__altTrue,/data/terrain_obstacle_rich.pcd,100,100,0.1,world,elevation;slope;roughness;step;depression_raw;depression_norm;depression_score;landing_center;landing_score;alt_landing_center,8480,8268,535,131,0.52304,1.88607,1.94687,1.88607,1.94687,0,,1.6542,1.43692,2.84306,7.63075,7.65682,10.2139,0.15,0.3,0.98,0.05,0.1,0.3,0,0.1,0.05,5,9,1.5,true,0.2,30,,0.0650975,0.0622038,0.209105
9,obstacle_rich,10,obstacle_rich__res0.1__voxel0.05__polar0.2__horizon30__relax1.5__altTrue,/data/terrain_obstacle_rich.pcd,100,100,0.1,world,elevation;slope;roughness;step;depression_raw;depression_norm;depression_score;landing_center;landing_score;alt_landing_center,8338,8129,201,43,0.446522,0.988253,2.61882,0.988253,2.61882,0,,0.516873,1.33469,2.84306,8.32987,7.72412,10.2139,0.15,0.3,0.98,0.05,0.1,0.3,0,0.1,0.05,5,10,1.5,true,0.2,30,,0.0758506,0.0617451,0.260586
9,obstacle_rich,11,obstacle_rich__res0.1__voxel0.05__polar0.2__horizon30__relax1.5__altTrue,/data/terrain_obstacle_rich.pcd,100,100,0.1,world,elevation;slope;roughness;step;depression_raw;depression_norm;depression_score;landing_center;landing_score;alt_landing_center,8197,7992,127,29,0.351909,-0.354765,0.0934692,-0.354765,0.0934692,0,,1.47649,1.34887,2.84306,8.85446,7.82688,10.2139,0.15,0.3,0.98,0.05,0.1,0.3,0,0.1,0.05,5,11,1.5,true,0.2,30,,0.0923672,0.0669724,0.262159
9,obstacle_rich,12,obstacle_rich__res0.1__voxel0.05__polar0.2__horizon30__relax1.5__altTrue,/data/terrain_obstacle_rich.pcd,100,100,0.1,world,elevation;slope;roughness;step;depression_raw;depression_norm;depression_score;landing_center;landing_score;alt_landing_center,8411,8200,95,24,0.313474,-3.1272,0.0140498,-3.1272,0.0140498,0,,1.10154,1.32639,2.84306,7.1627,7.77153,10.2139,0.15,0.3,0.98,0.05,0.1,0.3,0,0.1,0.05,5,12,1.5,true,0.2,30,,0.0947382,0.0671829,0.271144
9,obstacle_rich,13,obstacle_rich__res0.1__voxel0.05__polar0.2__horizon30__relax1.5__altTrue,/data/terrain_obstacle_rich.pcd,100,100,0.1,world,elevation;slope;roughness;step;depression_raw;depression_norm;depression_score;landing_center;landing_score;alt_landing_center,8294,8086,0,5,0.36826,-1.15297,-2.47765,-1.15297,-2.47765,0,,1.13701,1.31061,2.84306,9.0301,7.86834,10.2139,0.15,0.3,0.98,0.05,0.1,0.3,0,0.1,0.05,5,13,1.5,true,0.2,30,,0.0877506,0.0598,0.306879
9,obstacle_rich,14,obstacle_rich__res0.1__voxel0.05__polar0.2__horizon30__relax1.5__altTrue,/data/terrain_obstacle_rich.pcd,100,100,0.1,world,elevation;slope;roughness;step;depression_raw;depression_norm;depression_score;landing_center;landing_score;alt_landing_center,7823,7627,134,36,0.370179,-3.46324,-2.94542,-3.46324,-2.94542,0,,0.945654,1.28253,2.84306,5.78116,7.71926,10.2139,0.15,0.3,0.98,0.05,0.1,0.3,0,0.1,0.05,5,14,1.5,true,0.2,30,,0.0878561,0.0566341,0.27057
9,obstacle_rich,15,obstacle_rich__res0.1__voxel0.05__polar0.2__horizon30__relax1.5__altTrue,/data/terrain_obstacle_rich.pcd,100,100,0.1,world,elevation;slope;roughness;step;depression_raw;depression_norm;depression_score;landing_center;landing_score;alt_landing_center,7366,7181,261,62,0.411955,-1.83652,-2.64706,-1.83652,-2.64706,0,,0.657719,1.2379,2.84306,6.30186,7.62477,10.2139,0.15,0.3,0.98,0.05,0.1,0.3,0,0.1,0.05,5,15,1.5,true,0.2,30,,0.0851358,0.0534835,0.245634
9,obstacle_rich,16,obstacle_rich__res0.1__voxel0.05__polar0.2__horizon30__relax1.5__altTrue,/data/terrain_obstacle_rich.pcd,100,100,0.1,world,elevation;slope;roughness;step;depression_raw;depression_norm;depression_score;landing_center;landing_score;alt_landing_center,7862,7665,37,11,0.439035,-3.38495,0.10763,-3.38495,0.10763,0,,1.25893,1.2393,2.84306,5.39836,7.48562,10.2139,0.15,0.3,0.98,0.05,0.1,0.3,0,0.1,0.05,5,16,1.5,true,0.2,30,,0.0728225,0.0535795,0.293935
9,obstacle_rich,17,obstacle_rich__res0.1__voxel0.05__polar0.2__horizon30__relax1.5__altTrue,/data/terrain_obstacle_rich.pcd,100,100,0.1,world,elevation;slope;roughness;step;depression_raw;depression_norm;depression_score;landing_center;landing_score;alt_landing_center,7756,7562,243,63,0.399594,1.1775,0.164392,1.1775,0.164392,0,,1.92606,1.28223,2.84306,5.88481,7.39145,10.2139,0.15,0.3,0.98,0.05,0.1,0.3,0,0.1,0.05,5,17,1.5,true,0.2,30,,0.0852524,0.0649858,0.236073
9,obstacle_rich,18,obstacle_rich__res0.1__voxel0.05__polar0.2__horizon30__relax1.5__altTrue,/data/terrain_obstacle_rich.pcd,100,100,0.1,world,elevation;slope;roughness;step;depression_raw;depression_norm;depression_score;landing_center;landing_score;alt_landing_center,7250,7068,173,43,0.380299,-3.19526,-0.791831,-3.19526,-0.791831,0,,1.90082,1.31861,2.84306,7.28748,7.38567,10.2139,0.15,0.3,0.98,0.05,0.1,0.3,0,0.1,0.05,5,18,1.5,true,0.2,30,,0.0896001,0.0578296,0.256749
9,obstacle_rich,19,obstacle_rich__res0.1__voxel0.05__polar0.2__horizon30__relax1.5__altTrue,/data/terrain_obstacle_rich.pcd,100,100,0.1,world,elevation;slope;roughness;step;depression_raw;depression_norm;depression_score;landing_center;landing_score;alt_landing_center,8062,7860,184,40,0.434229,1.90051,1.64631,1.90051,1.64631,0,,2.35284,1.37607,2.84306,7.91731,7.41366,10.2139,0.15,0.3,0.98,0.05,0.1,0.3,0,0.1,0.05,5,19,1.5,true,0.2,30,,0.0798732,0.0543611,0.266923
9,obstacle_rich,20,obstacle_rich__res0.1__voxel0.05__polar0.2__horizon30__relax1.5__altTrue,/data/terrain_obstacle_rich.pcd,100,100,0.1,world,elevation;slope;roughness;step;depression_raw;depression_norm;depression_score;landing_center;landing_score;alt_landing_center,8218,8012,179,45,0.379769,3.36573,-0.150282,3.36573,-0.150282,0,,0.895929,1.3508,2.84306,8.65739,7.47584,10.2139,0.15,0.3,0.98,0.05,0.1,0.3,0,0.1,0.05,5,20,1.5,true,0.2,30,,0.0896663,0.0620735,0.256027
10,optimized_full,1,optimized_full__res0.08__voxel0.04__polar0.2__horizon30__relax1.8__altTrue,/data/terrain_optimized_full.pcd,125,125,0.08,world,elevation;slope;roughness;step;depression_raw;depression_norm;depression_score;landing_center;landing_score;alt_landing_center,11690,11690,3147,761,0.674302,2.70053,-1.29083,2.70053,-1.29083,0,,,,,13.49,13.49,,0.15,0.3,0.98,0.05,0.1,0.3,0,0.08,0.04,3,1,1.8,true,0.2,30,,0.0663028,0.0335679,0.0820598
10,optimized_full,2,optimized_full__res0.08__voxel0.04__polar0.2__horizon30__relax1.8__altTrue,/data/terrain_optimized_full.pcd,125,125,0.08,world,elevation;slope;roughness;step;depression_raw;depression_norm;depression_score;landing_center;landing_score;alt_landing_center,11362,11362,3385,825,0.676321,-2.16228,-1.00118,-2.16228,-1.00118,0,,2.46576,2.46576,2.46576,12.86,13.175,13.49,0.15,0.3,0.98,0.05,0.1,0.3,0,0.08,0.04,3,2,1.8,true,0.2,30,,0.0577713,0.0328107,0.0836195
10,optimized_full,3,optimized_full__res0.08__voxel0.04__polar0.2__horizon30__relax1.8__altTrue,/data/terrain_optimized_full.pcd,125,125,0.08,world,elevation;slope;roughness;step;depression_raw;depression_norm;depression_score;landing_center;landing_score;alt_landing_center,13061,13061,3875,941,0.70998,2.76246,-0.793487,2.76246,-0.793487,0,,2.68511,2.57544,2.68511,13.0488,13.1329,13.49,0.15,0.3,0.98,0.05,0.1,0.3,0,0.08,0.04,3,3,1.8,true,0.2,30,,0.0635841,0.0279878,0.0854372
10,optimized_full,4,optimized_full__res0.08__voxel0.04__polar0.2__horizon30__relax1.8__altTrue,/data/terrain_optimized_full.pcd,125,125,0.08,world,elevation;slope;roughness;step;depression_raw;depression_norm;depression_score;landing_center;landing_score;alt_landing_center,12885,12885,4106,996,0.701245,-2.94751,0.717173,-2.94751,0.717173,0,,3.03867,2.72985,3.03867,13.3479,13.1867,13.49,0.15,0.3,0.98,0.05,0.1,0.3,0,0.08,0.04,3,4,1.8,true,0.2,30,,0.0529628,0.030084,0.0886082
10,optimized_full,5,optimized_full__res0.08__voxel0.04__polar0.2__horizon30__relax1.8__altTrue,/data/terrain_optimized_full.pcd,125,125,0.08,world,elevation;slope;roughness;step;depression_raw;depression_norm;depression_score;landing_center;landing_score;alt_landing_center,11899,11899,3729,908,0.722982,1.52364,-2.33349,1.52364,-2.33349,0,,2.37501,2.64114,3.03867,13.5021,13.2498,13.5021,0.15,0.3,0.98,0.05,0.1,0.3,0,0.08,0.04,3,5,1.8,true,0.2,30,,0.0549325,0.0292557,0.090308
10,optimized_full,6,optimized_full__res0.08__voxel0.04__polar0.2__horizon30__relax1.8__altTrue,/data/terrain_optimized_full.pcd,125,125,0.08,world,elevation;slope;roughness;step;depression_raw;depression_norm;depression_score;landing_center;landing_score;alt_landing_center,12155,12155,3858,940,0.697533,3.36019,3.13533,3.36019,3.13533,0,,2.10572,2.53405,3.03867,13.6989,13.3246,13.6989,0.15,0.3,0.98,0.05,0.1,0.3,0,0.08,0.04,3,6,1.8,true,0.2,30,,0.0508626,0.0315761,0.0893901
10,optimized_full,7,optimized_full__res0.08__voxel0.04__polar0.2__horizon30__relax1.8__altTrue,/data/terrain_optimized_full.pcd,125,125,0.08,world,elevation;slope;roughness;step;depression_raw;depression_norm;depression_score;landing_center;landing_score;alt_landing_center,13187,13187,4284,1035,0.686677,2.44069,1.24662,2.44069,1.24662,0,,0.919315,2.26493,3.03867,13.4717,13.3456,13.6989,0.15,0.3,0.98,0.05,0.1,0.3,0,0.08,0.04,3,7,1.8,true,0.2,30,,0.0562976,0.0278322,0.0838078
10,optimized_full,8,optimized_full__res0.08__voxel0.04__polar0.2__horizon30__relax1.8__altTrue,/data/terrain_optimized_full.pcd,125,125,0.08,world,elevation;slope;roughness;step;depression_raw;depression_norm;depression_score;landing_center;landing_score;alt_landing_center,13180,13180,3913,943,0.680292,0.735664,1.25343,0.735664,1.25343,0,,0.920318,2.07284,3.03867,11.8453,13.1581,13.6989,0.15,0.3,0.98,0.05,0.1,0.3,0,0.08,0.04,3,8,1.8,true,0.2,30,,0.0630888,0.0315685,0.0753563
10,optimized_full,9,optimized_full__res0.08__voxel0.04__polar0.2__horizon30__relax1.8__altTrue,/data/terrain_optimized_full.pcd,125,125,0.08,world,elevation;slope;roughness;step;depression_raw;depression_norm;depression_score;landing_center;landing_score;alt_landing_center,12082,12082,3954,963,0.705133,-1.54917,3.22364,-1.54917,3.22364,0,,1.07158,1.94769,3.03867,10.9407,12.9117,13.6989,0.15,0.3,0.98,0.05,0.1,0.3,0,0.08,0.04,3,9,1.8,true,0.2,30,,0.0529362,0.033667,0.0712174
10,optimized_full,10,optimized_full__res0.08__voxel0.04__polar0.2__horizon30__relax1.8__altTrue,/data/terrain_optimized_full.pcd,125,125,0.08,world,elevation;slope;roughness;step;depression_raw;depression_norm;depression_score;landing_center;landing_score;alt_landing_center,12832,12832,3588,872,0.678685,-1.99801,0.78314,-1.99801,0.78314,0,,1.21291,1.86604,3.03867,14.5646,13.077,14.5646,0.15,0.3,0.98,0.05,0.1,0.3,0,0.08,0.04,3,10,1.8,true,0.2,30,,0.062834,0.0333346,0.0834282
10,optimized_full,11,optimized_full__res0.08__voxel0.04__polar0.2__horizon30__relax1.8__altTrue,/data/terrain_optimized_full.pcd,125,125,0.08,world,elevation;slope;roughness;step;depression_raw;depression_norm;depression_score;landing_center;landing_score;alt_landing_center,11633,11633,3392,824,0.698216,3.48084,2.17359,3.48084,2.17359,0,,3.07222,1.98666,3.07222,15.5237,13.2994,15.5237,0.15,0.3,0.98,0.05,0.1,0.3,0,0.08,0.04,3,11,1.8,true,0.2,30,,0.0640101,0.0299827,0.0820645
10,optimized_full,12,optimized_full__res0.08__voxel0.04__polar0.2__horizon30__relax1.8__altTrue,/data/terrain_optimized_full.pcd,125,125,0.08,world,elevation;slope;roughness;step;depression_raw;depression_norm;depression_score;landing_center;landing_score;alt_landing_center,11867,11867,3350,811,0.661404,2.45953,1.48266,2.45953,1.48266,0,,0.660261,1.86608,3.07222,12.5367,13.2359,15.5237,0.15,0.3,0.98,0.05,0.1,0.3,0,0.08,0.04,3,12,1.8,true,0.2,30,,0.0688764,0.0296247,0.0774575
10,optimized_full,13,optimized_full__res0.08__voxel0.04__polar0.2__horizon30__relax1.8__altTrue,/data/terrain_optimized_full.pcd,125,125,0.08,world,elevation;slope;roughness;step;depression_raw;depression_norm;depression_score;landing_center;landing_score;alt_landing_center,11689,11689,4177,1009,0.734463,-1.84285,-0.0418464,-1.84285,-0.0418464,0,,1.92704,1.87116,3.07222,13.2405,13.2362,15.5237,0.15,0.3,0.98,0.05,0.1,0.3,0,0.08,0.04,3,13,1.8,true,0.2,30,,0.0530868,0.0259425,0.0759366
10,optimized_full,14,optimized_full__res0.08__voxel0.04__polar0.2__horizon30__relax1.8__altTrue,/data/terrain_optimized_full.pcd,125,125,0.08,world,elevation;slope;roughness;step;depression_raw;depression_norm;depression_score;landing_center;landing_score;alt_landing_center,13050,13050,4296,1037,0.717269,-1.33496,3.49717,-1.33496,3.49717,0,,1.76537,1.86302,3.07222,14.2438,13.3082,15.5237,0.15,0.3,0.98,0.05,0.1,0.3,0,0.08,0.04,3,14,1.8,true,0.2,30,,0.0539477,0.0285227,0.084194
10,optimized_full,15,optimized_full__res0.08__voxel0.04__polar0.2__horizon30__relax1.8__altTrue,/data/terrain_optimized_full.pcd,125,125,0.08,world,elevation;slope;roughness;step;depression_raw;depression_norm;depression_score;landing_center;landing_score;alt_landing_center,13226,13226,4557,1110,0.721299,-2.98084,-0.239168,-2.98084,-0.239168,0,,1.85143,1.86219,3.07222,13.7061,13.3347,15.5237,0.15,0.3,0.98,0.05,0.1,0.3,0,0.08,0.04,3,15,1.8,true,0.2,30,,0.0498596,0.0291742,0.0813925
10,optimized_full,16,optimized_full__res0.08__voxel0.04__polar0.2__horizon30__relax1.8__altTrue,/data/terrain_optimized_full.pcd,125,125,0.08,world,elevation;slope;roughness;step;depression_raw;depression_norm;depression_score;landing_center;landing_score;alt_landing_center,12818,12818,3551,858,0.672894,-0.471672,2.87499,-0.471672,2.87499,0,,1.44405,1.83432,3.07222,9.97518,13.1248,15.5237,0.15,0.3,0.98,0.05,0.1,0.3,0,0.08,0.04,3,16,1.8,true,0.2,30,,0.0678056,0.0340698,0.069898
10,optimized_full,17,optimized_full__res0.08__voxel0.04__polar0.2__horizon30__relax1.8__altTrue,/data/terrain_optimized_full.pcd,125,125,0.08,world,elevation;slope;roughness;step;depression_raw;depression_norm;depression_score;landing_center;landing_score;alt_landing_center,12702,12702,3677,891,0.70612,3.13238,0.132285,3.13238,0.132285,0,,1.84243,1.83482,3.07222,12.5377,13.0902,15.5237,0.15,0.3,0.98,0.05,0.1,0.3,0,0.08,0.04,3,17,1.8,true,0.2,30,,0.062458,0.0312161,0.0836078
10,optimized_full,18,optimized_full__res0.08__voxel0.04__polar0.2__horizon30__relax1.8__altTrue,/data/terrain_optimized_full.pcd,125,125,0.08,world,elevation;slope;roughness;step;depression_raw;depression_norm;depression_score;landing_center;landing_score;alt_landing_center,12534,12534,3558,866,0.682882,0.234346,0.018012,0.234346,0.018012,0,,1.11292,1.79236,3.07222,15.3493,13.2157,15.5237,0.15,0.3,0.98,0.05,0.1,0.3,0,0.08,0.04,3,18,1.8,true,0.2,30,,0.0634896,0.030943,0.0861688
10,optimized_full,19,optimized_full__res0.08__voxel0.04__polar0.2__horizon30__relax1.8__altTrue,/data/terrain_optimized_full.pcd,125,125,0.08,world,elevation;slope;roughness;step;depression_raw;depression_norm;depression_score;landing_center;landing_score;alt_landing_center,12494,12494,3860,940,0.676584,-3.21164,2.54647,-3.21164,2.54647,0,,1.56537,1.77975,3.07222,13.3867,13.2247,15.5237,0.15,0.3,0.98,0.05,0.1,0.3,0,0.08,0.04,3,19,1.8,true,0.2,30,,0.0632413,0.0293772,0.0730685
10,optimized_full,20,optimized_full__res0.08__voxel0.04__polar0.2__horizon30__relax1.8__altTrue,/data/terrain_optimized_full.pcd,125,125,0.08,world,elevation;slope;roughness;step;depression_raw;depression_norm;depression_score;landing_center;landing_score;alt_landing_center,12428,12428,3500,852,0.699575,0.972938,-0.0137336,0.972938,-0.0137336,0,,2.3323,1.80883,3.07222,12.9472,13.2108,15.5237,0.15,0.3,0.98,0.05,0.1,0.3,0,0.08,0.04,3,20,1.8,true,0.2,30,,0.0697686,0.0283635,0.0794938
